hora_local,precip_mm_h,soil_water_0_7cm
0,0.28184759567386714,0.3872272369679292
1,0.2951827068551497,0.38758720262822594
2,0.22995084822841635,0.385386782484452
3,0.17680537727203025,0.3862923813392153
4,0.0860040872476806,0.3859185259571534
5,0.0107589850250216,0.38517493728312413
6,0.008281929955172464,0.3845525618789936
7,0.02482768888184747,0.3842463916629277
8,0.029481002843875552,0.3840037913195514
9,0.004882118197136126,0.3833188055226375
10,0.03253935400219492,0.38274397445971614
11,0.10973407179417471,0.38268623008165675
12,0.20047607869684209,0.38299393119330566
13,0.2000221157360669,0.38249243876754263
14,0.2527433840301258,0.3819527040522631
15,0.26655585583371316,0.38194306911978665
16,0.3504168216684938,0.383087578471183
17,0.3991202702071181,0.38366381841116
18,0.3463159399932244,0.38406421007186103
19,0.19166394759999542,0.3835498061763202
20,0.24977109110207457,0.3845991994963178
21,0.3818111066500144,0.38513371686766507
22,0.4113517856698095,0.3853867703473305
23,0.2779851805567678,0.38566330624405504
