region_id,region_name,surface_type,longitude,latitude,radius_km,datetime_utc,datetime_local,date_local,year,month,day,hour_local,SWnet,LWnet,H,LE,T2m_C,soil_water_0_7cm,precip_mm_h
AGR01,Agricultura_Sorriso_MT,Agricultura intensiva,-55.7,-12.75,30,2024-08-01 00:00,2024-07-31 20:00,2024-07-31,2024,7,31,20,0.0,-84.6908123787459,-40.4821902017291,3.3949530052174586,27.83462703256695,0.2405280090425151,0.0
AGR01,Agricultura_Sorriso_MT,Agricultura intensiva,-55.7,-12.75,30,2024-08-01 01:00,2024-07-31 21:00,2024-07-31,2024,7,31,21,0.0,-81.09265542888626,-41.21372942212427,3.33085648932964,27.086261794922393,0.24053277369575346,0.0
AGR01,Agricultura_Sorriso_MT,Agricultura intensiva,-55.7,-12.75,30,2024-08-01 02:00,2024-07-31 22:00,2024-07-31,2024,7,31,22,0.0,-75.2562081614586,-40.0765702755646,3.3047903717202542,26.542527516208743,0.24053409289941882,0.0
AGR01,Agricultura_Sorriso_MT,Agricultura intensiva,-55.7,-12.75,30,2024-08-01 03:00,2024-07-31 23:00,2024-07-31,2024,7,31,23,0.0,-80.37107595920212,-42.87832214970522,3.195532952854533,25.933960888001423,0.2405366485331862,0.0
AGR01,Agricultura_Sorriso_MT,Agricultura intensiva,-55.7,-12.75,30,2024-08-01 04:00,2024-08-01 00:00,2024-08-01,2024,8,1,0,0.0,-75.92668819809383,-42.14853270799193,3.2060840820478043,25.49988087177036,0.240539232620366,0.0
AGR01,Agricultura_Sorriso_MT,Agricultura intensiva,-55.7,-12.75,30,2024-08-01 05:00,2024-08-01 01:00,2024-08-01,2024,8,1,1,0.0,-79.81557076528978,-43.121730754741854,3.0698833135559704,24.934224195879697,0.2405424633760092,0.0
AGR01,Agricultura_Sorriso_MT,Agricultura intensiva,-55.7,-12.75,30,2024-08-01 06:00,2024-08-01 02:00,2024-08-01,2024,8,1,2,0.0,-81.14649154282269,-41.70936260383116,2.9175428509540215,24.32849150426634,0.24054645720043916,0.0
AGR01,Agricultura_Sorriso_MT,Agricultura intensiva,-55.7,-12.75,30,2024-08-01 07:00,2024-08-01 03:00,2024-08-01,2024,8,1,3,0.0,-81.55001471530015,-32.50455289032039,2.589638921851162,23.102524216026776,0.24054786952436324,0.0
AGR01,Agricultura_Sorriso_MT,Agricultura intensiva,-55.7,-12.75,30,2024-08-01 08:00,2024-08-01 04:00,2024-08-01,2024,8,1,4,0.0,-78.90820160196643,-33.26181306624476,2.6003762878830687,22.57555315140893,0.24055531397171395,4.351138045421976E-4
AGR01,Agricultura_Sorriso_MT,Agricultura intensiva,-55.7,-12.75,30,2024-08-01 09:00,2024-08-01 05:00,2024-08-01,2024,8,1,5,0.0,-79.47980672336178,-32.030693290764916,2.490121913318641,22.058951713069273,0.2405584024602952,0.0
AGR01,Agricultura_Sorriso_MT,Agricultura intensiva,-55.7,-12.75,30,2024-08-01 10:00,2024-08-01 06:00,2024-08-01,2024,8,1,6,0.0,-68.35544376636341,-26.57588998135278,2.410460906745023,21.774231002039397,0.2405631929802721,0.0
AGR01,Agricultura_Sorriso_MT,Agricultura intensiva,-55.7,-12.75,30,2024-08-01 11:00,2024-08-01 07:00,2024-08-01,2024,8,1,7,45.287294362509655,-72.32420532670321,-15.449652530560737,9.561047164302803,22.146798892295227,0.24056577965412573,0.0
AGR01,Agricultura_Sorriso_MT,Agricultura intensiva,-55.7,-12.75,30,2024-08-01 12:00,2024-08-01 08:00,2024-08-01,2024,8,1,8,183.90103322597056,-66.36477439679042,23.43456640485205,31.149707295021756,24.93949516983151,0.24057619877640812,8.528461421519751E-4
AGR01,Agricultura_Sorriso_MT,Agricultura intensiva,-55.7,-12.75,30,2024-08-01 13:00,2024-08-01 09:00,2024-08-01,2024,8,1,9,342.03858262229005,-75.88057853496828,87.81761861709138,57.6262329773408,28.07609479315386,0.2405737336762256,5.460833563120104E-6
AGR01,Agricultura_Sorriso_MT,Agricultura intensiva,-55.7,-12.75,30,2024-08-01 14:00,2024-08-01 10:00,2024-08-01,2024,8,1,10,470.102532067582,-89.74109806746905,175.5626372172308,75.75085570058954,30.617839337672454,0.24056656600297718,0.0
AGR01,Agricultura_Sorriso_MT,Agricultura intensiva,-55.7,-12.75,30,2024-08-01 15:00,2024-08-01 11:00,2024-08-01,2024,8,1,11,610.643750635701,-109.52584298657024,265.1411493944359,93.48638808837656,32.79443097448408,0.24056035022570696,0.0
AGR01,Agricultura_Sorriso_MT,Agricultura intensiva,-55.7,-12.75,30,2024-08-01 16:00,2024-08-01 12:00,2024-08-01,2024,8,1,12,671.8218591663372,-126.27282722118629,321.46643254035524,100.5195276035486,34.12337457139852,0.24055350847336412,8.601674608144094E-4
AGR01,Agricultura_Sorriso_MT,Agricultura intensiva,-55.7,-12.75,30,2024-08-01 17:00,2024-08-01 13:00,2024-08-01,2024,8,1,13,571.1113393042135,-119.5420757284662,284.4543159857604,86.32803413007854,34.372452520463305,0.240543932606758,0.0
AGR01,Agricultura_Sorriso_MT,Agricultura intensiva,-55.7,-12.75,30,2024-08-01 18:00,2024-08-01 14:00,2024-08-01,2024,8,1,14,428.4694474581377,-112.44032124088827,199.20070219057843,71.96601589723306,34.253350183409694,0.24053382129866419,0.0
AGR01,Agricultura_Sorriso_MT,Agricultura intensiva,-55.7,-12.75,30,2024-08-01 19:00,2024-08-01 15:00,2024-08-01,2024,8,1,15,346.5259727637453,-125.46872181725713,127.50152210355806,63.19033075285829,34.33590845786066,0.24052634839790105,0.0
AGR01,Agricultura_Sorriso_MT,Agricultura intensiva,-55.7,-12.75,30,2024-08-01 20:00,2024-08-01 16:00,2024-08-01,2024,8,1,16,205.63958750070626,-99.72585405247594,57.501614209564714,44.899660582772974,33.916789574371734,0.24052130179721268,0.0
AGR01,Agricultura_Sorriso_MT,Agricultura intensiva,-55.7,-12.75,30,2024-08-01 21:00,2024-08-01 17:00,2024-08-01,2024,8,1,17,93.7774934546345,-95.38000339040515,3.127012299636474,24.637482435817752,32.698313236705424,0.24051998259354734,0.0
AGR01,Agricultura_Sorriso_MT,Agricultura intensiva,-55.7,-12.75,30,2024-08-01 22:00,2024-08-01 18:00,2024-08-01,2024,8,1,18,10.519799401028424,-103.3062508240568,-35.2952700080993,5.881144638450961,30.81468536019995,0.24052064219538002,0.0
AGR01,Agricultura_Sorriso_MT,Agricultura intensiva,-55.7,-12.75,30,2024-08-01 23:00,2024-08-01 19:00,2024-08-01,2024,8,1,19,0.0,-91.37724468365634,-33.846929988133574,3.0907366596975017,29.089219069299038,0.24052262100087804,0.0
AGR01,Agricultura_Sorriso_MT,Agricultura intensiva,-55.7,-12.75,30,2024-08-02 00:00,2024-08-01 20:00,2024-08-01,2024,8,1,20,0.0,-91.91615772918196,-38.2608811286282,3.100066112900492,27.702715158082633,0.24052397124462963,0.0
AGR01,Agricultura_Sorriso_MT,Agricultura intensiva,-55.7,-12.75,30,2024-08-02 01:00,2024-08-01 21:00,2024-08-01,2024,8,1,21,0.0,-80.96390533470836,-39.56654012685767,3.3158459178580175,26.90004381256442,0.2405275072277875,0.0
AGR01,Agricultura_Sorriso_MT,Agricultura intensiva,-55.7,-12.75,30,2024-08-02 02:00,2024-08-01 22:00,2024-08-01,2024,8,1,22,0.0,-86.24785487417829,-43.95383750306078,3.2396852456160183,26.1454349702123,0.24052916787240156,0.0
AGR01,Agricultura_Sorriso_MT,Agricultura intensiva,-55.7,-12.75,30,2024-08-02 03:00,2024-08-01 23:00,2024-08-01,2024,8,1,23,0.0,-84.40103410888851,-43.50531335348741,3.1836537030758514,25.48911272441157,0.2405319537201419,0.0
AGR01,Agricultura_Sorriso_MT,Agricultura intensiva,-55.7,-12.75,30,2024-08-02 04:00,2024-08-02 00:00,2024-08-02,2024,8,2,0,0.0,-80.82603081266129,-40.50628519899794,3.117879278032059,24.89260509210962,0.24053561127697096,0.0
AGR01,Agricultura_Sorriso_MT,Agricultura intensiva,-55.7,-12.75,30,2024-08-02 05:00,2024-08-02 01:00,2024-08-02,2024,8,2,1,0.0,-70.99610131660734,-35.7894960539451,3.138155760863423,24.504103671156553,0.24053873080563842,0.0
AGR01,Agricultura_Sorriso_MT,Agricultura intensiva,-55.7,-12.75,30,2024-08-02 06:00,2024-08-02 02:00,2024-08-02,2024,8,2,2,0.0,-73.1165627648754,-37.41892312256314,3.07079246011565,24.108717877235573,0.2405425797763326,0.0
AGR01,Agricultura_Sorriso_MT,Agricultura intensiva,-55.7,-12.75,30,2024-08-02 07:00,2024-08-02 03:00,2024-08-02,2024,8,2,3,0.0,-78.33553907441937,-35.31820609896216,2.7761040006780817,23.174488139148508,0.24054406711379844,0.0
AGR01,Agricultura_Sorriso_MT,Agricultura intensiva,-55.7,-12.75,30,2024-08-02 08:00,2024-08-02 04:00,2024-08-02,2024,8,2,4,0.0,-77.89943408487315,-34.87080564502459,2.672516010246558,22.667554471936967,0.2405473987497219,0.0
AGR01,Agricultura_Sorriso_MT,Agricultura intensiva,-55.7,-12.75,30,2024-08-02 09:00,2024-08-02 05:00,2024-08-02,2024,8,2,5,0.0,-73.28954698065586,-31.31199949143923,2.536477086511838,22.258333508882288,0.24055037342465355,0.0
AGR01,Agricultura_Sorriso_MT,Agricultura intensiva,-55.7,-12.75,30,2024-08-02 10:00,2024-08-02 06:00,2024-08-02,2024,8,2,6,0.0,-69.26385037011924,-28.856500254280387,2.448074391139741,21.9563258262747,0.24055515359793508,0.0
AGR01,Agricultura_Sorriso_MT,Agricultura intensiva,-55.7,-12.75,30,2024-08-02 11:00,2024-08-02 07:00,2024-08-02,2024,8,2,7,43.658920532670315,-69.98384787440432,-15.53222457667025,9.63266231564672,22.30183972573562,0.24055952249007384,0.0
AGR01,Agricultura_Sorriso_MT,Agricultura intensiva,-55.7,-12.75,30,2024-08-02 12:00,2024-08-02 08:00,2024-08-02,2024,8,2,8,185.15418790378783,-69.20168159386714,27.34817421973592,31.487694053606077,24.789858159325394,0.24055983547761015,0.0
AGR01,Agricultura_Sorriso_MT,Agricultura intensiva,-55.7,-12.75,30,2024-08-02 13:00,2024-08-02 09:00,2024-08-02,2024,8,2,9,354.4869484470061,-82.62067676253977,101.28110842704035,57.6179530428886,27.739125629327425,0.2405593802230119,0.0
AGR01,Agricultura_Sorriso_MT,Agricultura intensiva,-55.7,-12.75,30,2024-08-02 14:00,2024-08-02 10:00,2024-08-02,2024,8,2,10,479.1662145184683,-101.91492710628918,183.66368527622382,73.81859514795352,30.187810619177732,0.24055313857900307,0.0
AGR01,Agricultura_Sorriso_MT,Agricultura intensiva,-55.7,-12.75,30,2024-08-02 15:00,2024-08-02 11:00,2024-08-02,2024,8,2,11,579.8549113785765,-103.10949242809514,261.36214579683946,87.9019993972613,32.19974546249813,0.2405454044241807,0.0
AGR01,Agricultura_Sorriso_MT,Agricultura intensiva,-55.7,-12.75,30,2024-08-02 16:00,2024-08-02 12:00,2024-08-02,2024,8,2,12,631.9355629014332,-123.03098039215683,308.6792061743045,90.71238976474353,33.32882594050223,0.2405355285034076,0.0
AGR01,Agricultura_Sorriso_MT,Agricultura intensiva,-55.7,-12.75,30,2024-08-02 17:00,2024-08-02 13:00,2024-08-02,2024,8,2,13,579.5429951404194,-120.58560452807446,288.13515906650844,85.68866003654102,33.78238894198586,0.24053231326780755,8.52346317969932E-4
AGR01,Agricultura_Sorriso_MT,Agricultura intensiva,-55.7,-12.75,30,2024-08-02 18:00,2024-08-02 14:00,2024-08-02,2024,8,2,14,480.24731696521064,-125.89644445386223,219.45282420749277,75.92626038311579,33.831883632144546,0.24052671570558828,0.0
AGR01,Agricultura_Sorriso_MT,Agricultura intensiva,-55.7,-12.75,30,2024-08-02 19:00,2024-08-02 15:00,2024-08-02,2024,8,2,15,441.15045045299576,-131.10589026388652,180.6320189862689,73.24261400237332,34.21234609497507,0.24051652421060504,0.0
AGR01,Agricultura_Sorriso_MT,Agricultura intensiva,-55.7,-12.75,30,2024-08-02 20:00,2024-08-02 16:00,2024-08-02,2024,8,2,16,306.3273334463469,-133.0376712625492,101.61241133148745,55.97752057787572,33.8963142142819,0.24051058262076325,0.0
AGR01,Agricultura_Sorriso_MT,Agricultura intensiva,-55.7,-12.75,30,2024-08-02 21:00,2024-08-02 17:00,2024-08-02,2024,8,2,17,129.3855869168032,-137.06075050385192,3.813112580286679,28.63942306605639,32.60695442009589,0.24050978592521632,0.0
AGR01,Agricultura_Sorriso_MT,Agricultura intensiva,-55.7,-12.75,30,2024-08-02 22:00,2024-08-02 18:00,2024-08-02,2024,8,2,18,14.227419336610721,-124.49855088433067,-44.716835998568506,6.477932041212259,30.666124338763403,0.24051106632877392,0.0
AGR01,Agricultura_Sorriso_MT,Agricultura intensiva,-55.7,-12.75,30,2024-08-02 23:00,2024-08-02 19:00,2024-08-02,2024,8,2,19,0.0,-104.3372652615321,-41.927829952345974,3.037481870750221,28.818537672876747,0.2405118888910594,0.0
AGR01,Agricultura_Sorriso_MT,Agricultura intensiva,-55.7,-12.75,30,2024-08-03 00:00,2024-08-02 20:00,2024-08-02,2024,8,2,20,0.0,-96.8114553314121,-41.73522649789984,3.076541033320148,27.44927730039737,0.24051370473610464,0.0
AGR01,Agricultura_Sorriso_MT,Agricultura intensiva,-55.7,-12.75,30,2024-08-03 01:00,2024-08-02 21:00,2024-08-02,2024,8,2,21,0.0,-90.43646461970954,-40.913936625322556,3.072630130342243,26.45353788850188,0.24051682685144593,0.0
AGR01,Agricultura_Sorriso_MT,Agricultura intensiva,-55.7,-12.75,30,2024-08-03 02:00,2024-08-02 22:00,2024-08-02,2024,8,2,22,0.0,-87.85441427219303,-41.87826925703038,3.055912536964834,25.680058197264653,0.24051966960601107,0.0
AGR01,Agricultura_Sorriso_MT,Agricultura intensiva,-55.7,-12.75,30,2024-08-03 03:00,2024-08-02 23:00,2024-08-02,2024,8,2,23,0.0,-83.59931605639373,-42.84323873161176,3.095049466952968,25.150168526457602,0.240524317858926,0.0
AGR01,Agricultura_Sorriso_MT,Agricultura intensiva,-55.7,-12.75,30,2024-08-03 04:00,2024-08-03 00:00,2024-08-03,2024,8,3,0,0.0,-79.99017095647096,-43.04128566988756,3.1195976954662745,24.708643822315143,0.2405256913827423,0.0
AGR01,Agricultura_Sorriso_MT,Agricultura intensiva,-55.7,-12.75,30,2024-08-03 05:00,2024-08-03 01:00,2024-08-03,2024,8,3,1,0.0,-73.96682462658455,-40.326167806219516,3.1384818754591173,24.33177521688332,0.24052987662103748,0.0
AGR01,Agricultura_Sorriso_MT,Agricultura intensiva,-55.7,-12.75,30,2024-08-03 06:00,2024-08-03 02:00,2024-08-03,2024,8,3,2,0.0,-73.23348764385679,-40.24765981993182,3.1267134730933686,24.018402092884045,0.24053182955979696,0.0
AGR01,Agricultura_Sorriso_MT,Agricultura intensiva,-55.7,-12.75,30,2024-08-03 07:00,2024-08-03 03:00,2024-08-03,2024,8,3,3,0.0,-69.3858984102767,-32.49128774180181,3.020399644007458,23.24413693226442,0.24053456108738636,0.0
AGR01,Agricultura_Sorriso_MT,Agricultura intensiva,-55.7,-12.75,30,2024-08-03 08:00,2024-08-03 04:00,2024-08-03,2024,8,3,4,0.0,-82.07314808536287,-38.46528945583996,2.845583008419506,22.70078983982656,0.24053754352233958,0.0
AGR01,Agricultura_Sorriso_MT,Agricultura intensiva,-55.7,-12.75,30,2024-08-03 09:00,2024-08-03 05:00,2024-08-03,2024,8,3,5,0.0,-82.63714254770115,-39.51724308263171,2.730077461339963,22.259376680820697,0.2405402957433198,0.0
AGR01,Agricultura_Sorriso_MT,Agricultura intensiva,-55.7,-12.75,30,2024-08-03 10:00,2024-08-03 06:00,2024-08-03,2024,8,3,6,0.0,-81.29169346028517,-39.33677224011603,2.625043416021547,21.899259227824484,0.2405449258895178,0.0
AGR01,Agricultura_Sorriso_MT,Agricultura intensiva,-55.7,-12.75,30,2024-08-03 11:00,2024-08-03 07:00,2024-08-03,2024,8,3,7,47.54474732063814,-79.97726399013015,-22.435755165658957,10.761845793072272,22.295684862047946,0.24055164606818955,4.261732051702438E-4
AGR01,Agricultura_Sorriso_MT,Agricultura intensiva,-55.7,-12.75,30,2024-08-03 12:00,2024-08-03 08:00,2024-08-03,2024,8,3,8,209.5899861558456,-80.3530589459607,40.50355168484301,33.886146427831456,24.59849328317368,0.2405538887144206,0.0
AGR01,Agricultura_Sorriso_MT,Agricultura intensiva,-55.7,-12.75,30,2024-08-03 13:00,2024-08-03 09:00,2024-08-03,2024,8,3,9,388.0687385809271,-91.5116744834341,131.30534638639315,58.057296905313514,27.348793572728017,0.24055206510935384,0.0
AGR01,Agricultura_Sorriso_MT,Agricultura intensiva,-55.7,-12.75,30,2024-08-03 14:00,2024-08-03 10:00,2024-08-03,2024,8,3,10,540.0311753404529,-107.35664477030005,231.06164514701172,77.14003531672037,29.930714169993916,0.2405455854913505,0.0
AGR01,Agricultura_Sorriso_MT,Agricultura intensiva,-55.7,-12.75,30,2024-08-03 15:00,2024-08-03 11:00,2024-08-03,2024,8,3,11,646.10865871805,-121.19998135277167,308.63563541843246,89.60328115876511,31.88765916218091,0.24053837901799435,0.0
AGR01,Agricultura_Sorriso_MT,Agricultura intensiva,-55.7,-12.75,30,2024-08-03 16:00,2024-08-03 12:00,2024-08-03,2024,8,3,12,695.7265535589837,-133.2472255655384,356.71405605469846,93.0119728390876,33.09727408807954,0.24052850568389503,1.4901161193847656E-5
AGR01,Agricultura_Sorriso_MT,Agricultura intensiva,-55.7,-12.75,30,2024-08-03 17:00,2024-08-03 13:00,2024-08-03,2024,8,3,13,684.3016502797084,-141.32552640748906,351.0994689307039,92.25002712324122,33.7748451715325,0.24052362980368094,8.574960297380585E-4
AGR01,Agricultura_Sorriso_MT,Agricultura intensiva,-55.7,-12.75,30,2024-08-03 18:00,2024-08-03 14:00,2024-08-03,2024,8,3,14,612.7845193158917,-147.047483377597,299.8507279953287,86.84316503738862,34.08876779559187,0.24051567319490721,0.0
AGR01,Agricultura_Sorriso_MT,Agricultura intensiva,-55.7,-12.75,30,2024-08-03 19:00,2024-08-03 15:00,2024-08-03,2024,8,3,15,487.9855927558344,-148.36271769226423,216.82150571659977,74.7976099527227,34.105672063599584,0.2405080838938207,2.348696170884068E-5
AGR01,Agricultura_Sorriso_MT,Agricultura intensiva,-55.7,-12.75,30,2024-08-03 20:00,2024-08-03 16:00,2024-08-03,2024,8,3,16,323.6642325441223,-146.4891205194854,113.48523271364263,56.36705807010602,33.66993296251883,0.24050165859596828,0.0
AGR01,Agricultura_Sorriso_MT,Agricultura intensiva,-55.7,-12.75,30,2024-08-03 21:00,2024-08-03 17:00,2024-08-03,2024,8,3,17,143.9556222335236,-139.02651777137368,14.922731913130281,30.68182441468423,32.421337658341706,0.24050096795404932,0.0
AGR01,Agricultura_Sorriso_MT,Agricultura intensiva,-55.7,-12.75,30,2024-08-03 22:00,2024-08-03 18:00,2024-08-03,2024,8,3,18,14.470667815637302,-125.94827659113601,-40.89653048539301,6.4192492136143615,30.35815278729216,0.24050197158350456,0.0
AGR01,Agricultura_Sorriso_MT,Agricultura intensiva,-55.7,-12.75,30,2024-08-03 23:00,2024-08-03 19:00,2024-08-03,2024,8,3,19,0.0,-109.05358441167051,-44.43828294814565,3.0572002787666452,28.61498624934529,0.2405053497795574,0.0
AGR01,Agricultura_Sorriso_MT,Agricultura intensiva,-55.7,-12.75,30,2024-08-04 00:00,2024-08-03 20:00,2024-08-03,2024,8,3,20,0.0,-98.52560890734773,-42.457064474204664,3.037364336704903,27.323801582622266,0.24050666898322276,0.0
AGR01,Agricultura_Sorriso_MT,Agricultura intensiva,-55.7,-12.75,30,2024-08-04 01:00,2024-08-03 21:00,2024-08-03,2024,8,3,21,0.0,-92.29071450434161,-41.58354643442392,3.0012859995102747,26.341413869823853,0.24050864520204693,0.0
AGR01,Agricultura_Sorriso_MT,Agricultura intensiva,-55.7,-12.75,30,2024-08-04 02:00,2024-08-03 22:00,2024-08-03,2024,8,3,22,0.0,-88.71994160968902,-42.23182573317512,2.9766739419110584,25.595595303121776,0.24051315118789993,0.0
AGR01,Agricultura_Sorriso_MT,Agricultura intensiva,-55.7,-12.75,30,2024-08-04 03:00,2024-08-03 23:00,2024-08-03,2024,8,3,23,0.0,-86.11933671667516,-42.63511054133468,2.9417304486636153,24.974333559001682,0.24051665613097156,0.0
AGR01,Agricultura_Sorriso_MT,Agricultura intensiva,-55.7,-12.75,30,2024-08-04 04:00,2024-08-04 00:00,2024-08-04,2024,8,4,0,0.0,-84.73823881401746,-42.22837095741276,2.869381015614699,24.374070896239882,0.24052080774250661,0.0
AGR01,Agricultura_Sorriso_MT,Agricultura intensiva,-55.7,-12.75,30,2024-08-04 05:00,2024-08-04 01:00,2024-08-04,2024,8,4,1,0.0,-83.066055263604,-40.55102828162966,2.770878962536023,23.800893191932392,0.2405219872657839,0.0
AGR01,Agricultura_Sorriso_MT,Agricultura intensiva,-55.7,-12.75,30,2024-08-04 06:00,2024-08-04 02:00,2024-08-04,2024,8,4,2,0.0,-81.45408103539206,-38.35734747885706,2.6562180501403243,23.253347689856092,0.24052499815414954,0.0
AGR01,Agricultura_Sorriso_MT,Agricultura intensiva,-55.7,-12.75,30,2024-08-04 07:00,2024-08-04 03:00,2024-08-04,2024,8,4,3,0.0,-81.60814059821814,-33.491219509898094,2.494859580719896,22.377311041509145,0.24052830392333446,0.0
AGR01,Agricultura_Sorriso_MT,Agricultura intensiva,-55.7,-12.75,30,2024-08-04 08:00,2024-08-04 04:00,2024-08-04,2024,8,4,4,0.0,-78.82492753008985,-33.734550677139254,2.4567150270290634,21.97145794333192,0.2405315708924116,0.0
AGR01,Agricultura_Sorriso_MT,Agricultura intensiva,-55.7,-12.75,30,2024-08-04 09:00,2024-08-04 05:00,2024-08-04,2024,8,4,5,0.0,-76.22838748563788,-33.10268529505943,2.3703901791264057,21.677527695620437,0.24053692789396242,0.0
AGR01,Agricultura_Sorriso_MT,Agricultura intensiva,-55.7,-12.75,30,2024-08-04 10:00,2024-08-04 06:00,2024-08-04,2024,8,4,6,0.0,-73.92453476107062,-32.88713586106872,2.296262266674201,21.46464925126762,0.2405388187525494,0.0
AGR01,Agricultura_Sorriso_MT,Agricultura intensiva,-55.7,-12.75,30,2024-08-04 11:00,2024-08-04 07:00,2024-08-04,2024,8,4,7,47.796576444218395,-71.89478541560716,-17.242556977642163,9.818864496807365,22.050597144523163,0.24054299623082298,0.0
AGR01,Agricultura_Sorriso_MT,Agricultura intensiva,-55.7,-12.75,30,2024-08-04 12:00,2024-08-04 08:00,2024-08-04,2024,8,4,8,208.83185794202416,-72.28197571151419,39.43938492399842,32.72355512233712,24.683772601424952,0.24054474999569575,0.0
AGR01,Agricultura_Sorriso_MT,Agricultura intensiva,-55.7,-12.75,30,2024-08-04 13:00,2024-08-04 09:00,2024-08-04,2024,8,4,9,386.2410607259235,-84.7657780979827,130.16481809534574,57.3498830310222,27.52575033148745,0.2405428824171734,0.0
AGR01,Agricultura_Sorriso_MT,Agricultura intensiva,-55.7,-12.75,30,2024-08-04 14:00,2024-08-04 10:00,2024-08-04,2024,8,4,10,537.627456913601,-101.95445122525476,234.09171662805377,76.59015661788249,29.88694875290041,0.24053820053749836,0.0
AGR01,Agricultura_Sorriso_MT,Agricultura intensiva,-55.7,-12.75,30,2024-08-04 15:00,2024-08-04 11:00,2024-08-04,2024,8,4,11,643.6414634307134,-116.62722500047087,321.5237141888455,87.02797602230135,31.40345614753877,0.24053097337075138,0.0
AGR01,Agricultura_Sorriso_MT,Agricultura intensiva,-55.7,-12.75,30,2024-08-04 16:00,2024-08-04 12:00,2024-08-04,2024,8,4,12,693.5093301124484,-128.0386835810213,370.78952628505766,90.59853628675295,32.357695173647365,0.24052359876359475,0.0
AGR01,Agricultura_Sorriso_MT,Agricultura intensiva,-55.7,-12.75,30,2024-08-04 17:00,2024-08-04 13:00,2024-08-04,2024,8,4,13,682.7434846772524,-135.57528681885816,361.3916944491532,91.23842496845037,32.99755986484156,0.24051525674041677,0.0
AGR01,Agricultura_Sorriso_MT,Agricultura intensiva,-55.7,-12.75,30,2024-08-04 18:00,2024-08-04 14:00,2024-08-04,2024,8,4,14,612.1344303177564,-141.71627662880715,311.31718521029933,85.85254788947276,33.31844779372036,0.24050426854988663,0.0
AGR01,Agricultura_Sorriso_MT,Agricultura intensiva,-55.7,-12.75,30,2024-08-04 19:00,2024-08-04 15:00,2024-08-04,2024,8,4,15,488.7689815599631,-144.98071961349382,225.18814394153432,74.77999623288318,33.46097351270808,0.24049626538098343,0.0
AGR01,Agricultura_Sorriso_MT,Agricultura intensiva,-55.7,-12.75,30,2024-08-04 20:00,2024-08-04 16:00,2024-08-04,2024,8,4,16,324.51567139439834,-143.35350610272928,122.76013806483205,55.47407790397619,32.98098157981956,0.240491679208241,0.0
AGR01,Agricultura_Sorriso_MT,Agricultura intensiva,-55.7,-12.75,30,2024-08-04 21:00,2024-08-04 17:00,2024-08-04,2024,8,4,17,144.72864675745416,-136.25515303912147,19.917096494697788,30.641640108492968,31.7009698490467,0.240491679208241,0.0
AGR01,Agricultura_Sorriso_MT,Agricultura intensiva,-55.7,-12.75,30,2024-08-04 22:00,2024-08-04 18:00,2024-08-04,2024,8,4,18,14.711858412913674,-124.62817327795669,-40.512475749185356,6.5020220941402505,29.758020270438635,0.24049346142652614,0.0
AGR01,Agricultura_Sorriso_MT,Agricultura intensiva,-55.7,-12.75,30,2024-08-04 23:00,2024-08-04 19:00,2024-08-04,2024,8,4,19,0.0,-109.34358714283024,-44.68646663276261,3.028438341715168,28.158086787791447,0.24049626279430958,0.0
AGR01,Agricultura_Sorriso_MT,Agricultura intensiva,-55.7,-12.75,30,2024-08-05 00:00,2024-08-04 20:00,2024-08-04,2024,8,4,20,0.0,-99.64816936957298,-43.44615038330414,3.0081863215987648,26.96289836794953,0.24049790274553282,0.0
AGR01,Agricultura_Sorriso_MT,Agricultura intensiva,-55.7,-12.75,30,2024-08-05 01:00,2024-08-04 21:00,2024-08-04,2024,8,4,21,0.0,-94.03953988788116,-43.62256951507787,2.996880650675256,26.083218381719742,0.240501433555343,0.0
AGR01,Agricultura_Sorriso_MT,Agricultura intensiva,-55.7,-12.75,30,2024-08-05 02:00,2024-08-04 22:00,2024-08-04,2024,8,4,22,0.0,-90.79896563800834,-43.895996673164944,2.965875042380064,25.354544015132028,0.2405032700937791,0.0
AGR01,Agricultura_Sorriso_MT,Agricultura intensiva,-55.7,-12.75,30,2024-08-05 03:00,2024-08-04 23:00,2024-08-04,2024,8,4,23,0.0,-89.0044117411614,-44.349254157955215,2.92895799193837,24.705569723400576,0.24050564724705054,0.0
AGR01,Agricultura_Sorriso_MT,Agricultura intensiva,-55.7,-12.75,30,2024-08-05 04:00,2024-08-05 00:00,2024-08-05,2024,8,5,0,0.0,-87.94574022668627,-45.6488993426381,2.908629075549528,24.140735281287768,0.24050762605254855,0.0
AGR01,Agricultura_Sorriso_MT,Agricultura intensiva,-55.7,-12.75,30,2024-08-05 05:00,2024-08-05 01:00,2024-08-05,2024,8,5,1,0.0,-87.32267453523198,-45.96277288052588,2.859691567308961,23.639067181879696,0.24051203891814285,0.0
AGR01,Agricultura_Sorriso_MT,Agricultura intensiva,-55.7,-12.75,30,2024-08-05 06:00,2024-08-05 02:00,2024-08-05,2024,8,5,2,0.0,-86.73231630596524,-44.96931386675709,2.7780675632404743,23.15458761300249,0.2405153343406324,0.0
AGR01,Agricultura_Sorriso_MT,Agricultura intensiva,-55.7,-12.75,30,2024-08-05 07:00,2024-08-05 03:00,2024-08-05,2024,8,5,3,0.0,-88.89132303497767,-35.73038457554011,2.4936064493040258,21.86455961629324,0.24052052320838277,0.0
AGR01,Agricultura_Sorriso_MT,Agricultura intensiva,-55.7,-12.75,30,2024-08-05 08:00,2024-08-05 04:00,2024-08-05,2024,8,5,4,0.0,-86.68199136859353,-38.90568679248838,2.5637795483226915,21.449460149785406,0.24052200537250087,0.0
AGR01,Agricultura_Sorriso_MT,Agricultura intensiva,-55.7,-12.75,30,2024-08-05 09:00,2024-08-05 05:00,2024-08-05,2024,8,5,5,0.0,-84.91427480646436,-38.86041904465917,2.4887445612250665,21.124587224794475,0.240526102663885,0.0
AGR01,Agricultura_Sorriso_MT,Agricultura intensiva,-55.7,-12.75,30,2024-08-05 10:00,2024-08-05 06:00,2024-08-05,2024,8,5,6,0.0,-83.59733749599746,-38.95884104650505,2.4190435290350534,20.876884612804336,0.24053116219794266,0.0
AGR01,Agricultura_Sorriso_MT,Agricultura intensiva,-55.7,-12.75,30,2024-08-05 11:00,2024-08-05 07:00,2024-08-05,2024,8,5,7,49.6722613060594,-82.11631759620273,-21.754101448456424,10.337320449793749,21.41305960102152,0.2405345688474079,0.0
AGR01,Agricultura_Sorriso_MT,Agricultura intensiva,-55.7,-12.75,30,2024-08-05 12:00,2024-08-05 08:00,2024-08-05,2024,8,5,8,214.3693860541334,-82.61687983839069,37.706069578647984,33.318575276412204,24.061241501431343,0.2405345688474079,0.0
AGR01,Agricultura_Sorriso_MT,Agricultura intensiva,-55.7,-12.75,30,2024-08-05 13:00,2024-08-05 09:00,2024-08-05,2024,8,5,9,394.57468092520395,-94.68975716223092,123.4922751031248,58.81267926767248,27.215058874352405,0.2405345688474079,0.0
AGR01,Agricultura_Sorriso_MT,Agricultura intensiva,-55.7,-12.75,30,2024-08-05 14:00,2024-08-05 10:00,2024-08-05,2024,8,5,10,547.7071733438812,-112.08324391139742,222.84477058258454,78.63034111242959,29.924252503507137,0.24052984299427732,0.0
AGR01,Agricultura_Sorriso_MT,Agricultura intensiva,-55.7,-12.75,30,2024-08-05 15:00,2024-08-05 11:00,2024-08-05,2024,8,5,11,654.7791003183214,-128.56728955943566,313.3145319828219,88.45395575521273,31.354782180540422,0.2405199256867226,0.0
AGR01,Agricultura_Sorriso_MT,Agricultura intensiva,-55.7,-12.75,30,2024-08-05 16:00,2024-08-05 12:00,2024-08-05,2024,8,5,12,705.9133008419507,-143.26744339906955,367.6695261908797,90.57474534290182,32.191205201809424,0.24051209582496766,0.0
AGR01,Agricultura_Sorriso_MT,Agricultura intensiva,-55.7,-12.75,30,2024-08-05 17:00,2024-08-05 13:00,2024-08-05,2024,8,5,13,695.9159137141888,-152.03520841573902,357.8645297696409,91.2111858883803,32.78039406806986,0.24050168446270684,0.0
AGR01,Agricultura_Sorriso_MT,Agricultura intensiva,-55.7,-12.75,30,2024-08-05 18:00,2024-08-05 14:00,2024-08-05,2024,8,5,14,625.0969117176168,-159.27917801510617,307.6457955208981,85.6457659490309,33.08014550630192,0.24048982456308793,0.0
AGR01,Agricultura_Sorriso_MT,Agricultura intensiva,-55.7,-12.75,30,2024-08-05 19:00,2024-08-05 15:00,2024-08-05,2024,8,5,15,501.51629089676214,-164.76648386732214,222.2213439189317,74.18385846942044,33.11891358332387,0.24048606095263092,0.0
AGR01,Agricultura_Sorriso_MT,Agricultura intensiva,-55.7,-12.75,30,2024-08-05 20:00,2024-08-05 16:00,2024-08-05,2024,8,5,16,334.0919089864573,-162.1549240455068,117.29222372906895,55.52690135804562,32.63738334256122,0.24047885706594863,0.0
AGR01,Agricultura_Sorriso_MT,Agricultura intensiva,-55.7,-12.75,30,2024-08-05 21:00,2024-08-05 17:00,2024-08-05,2024,8,5,17,149.85768388239063,-154.09520728560398,11.419220395170555,30.81692226554407,31.307362514973764,0.24047770082273606,0.0
AGR01,Agricultura_Sorriso_MT,Agricultura intensiva,-55.7,-12.75,30,2024-08-05 22:00,2024-08-05 18:00,2024-08-05,2024,8,5,18,15.41483010303065,-141.2421208396904,-49.76882974515454,6.588203650336215,29.284062838130023,0.2404808255247512,0.0
AGR01,Agricultura_Sorriso_MT,Agricultura intensiva,-55.7,-12.75,30,2024-08-05 23:00,2024-08-05 19:00,2024-08-05,2024,8,5,19,0.0,-123.94556869337552,-50.79727938822022,2.997612966416152,27.378988729717186,0.24048312507780706,0.0
AGR01,Agricultura_Sorriso_MT,Agricultura intensiva,-55.7,-12.75,30,2024-08-06 00:00,2024-08-05 20:00,2024-08-05,2024,8,5,20,0.0,-112.12834289239231,-47.53497956339117,2.9976675896102916,25.97962045651774,0.2404868654081994,0.0
AGR01,Agricultura_Sorriso_MT,Agricultura intensiva,-55.7,-12.75,30,2024-08-06 01:00,2024-08-05 21:00,2024-08-05,2024,8,5,21,0.0,-104.19355064299974,-44.85626796443843,2.955604634024599,24.90087537388821,0.2404885389861827,0.0
AGR01,Agricultura_Sorriso_MT,Agricultura intensiva,-55.7,-12.75,30,2024-08-06 02:00,2024-08-05 22:00,2024-08-05,2024,8,5,22,0.0,-98.36658287774759,-43.29384629692415,2.908005464673862,24.070782212553098,0.24049048416492064,0.0
AGR01,Agricultura_Sorriso_MT,Agricultura intensiva,-55.7,-12.75,30,2024-08-06 03:00,2024-08-05 23:00,2024-08-05,2024,8,5,23,0.0,-94.26412029581284,-41.82618275696447,2.8345542323557673,23.36355657659967,0.2404942503620515,0.0
AGR01,Agricultura_Sorriso_MT,Agricultura intensiva,-55.7,-12.75,30,2024-08-06 04:00,2024-08-06 00:00,2024-08-06,2024,8,6,0,0.0,-91.65365670499706,-40.15862283626227,2.7405558851782787,22.706931658917977,0.2404978768787943,0.0
AGR01,Agricultura_Sorriso_MT,Agricultura intensiva,-55.7,-12.75,30,2024-08-06 05:00,2024-08-06 01:00,2024-08-06,2024,8,6,1,0.0,-89.80518006818482,-36.99348900943662,2.6126730519297063,22.039492119108363,0.24049925040261058,0.0
AGR01,Agricultura_Sorriso_MT,Agricultura intensiva,-55.7,-12.75,30,2024-08-06 06:00,2024-08-06 02:00,2024-08-06,2024,8,6,2,0.0,-87.94190079297809,-33.19263307340227,2.4826163568213064,21.386755241242746,0.24050458153742288,0.0
AGR01,Agricultura_Sorriso_MT,Agricultura intensiva,-55.7,-12.75,30,2024-08-06 07:00,2024-08-06 03:00,2024-08-06,2024,8,6,3,0.0,-89.49606187960292,-30.69730161420956,2.350490902412838,20.463053759794622,0.24050668967661357,0.0
AGR01,Agricultura_Sorriso_MT,Agricultura intensiva,-55.7,-12.75,30,2024-08-06 08:00,2024-08-06 04:00,2024-08-06,2024,8,6,4,0.0,-85.7573476672129,-31.091528554745622,2.3553033470833094,20.03129474273234,0.24051374870956016,0.0
AGR01,Agricultura_Sorriso_MT,Agricultura intensiva,-55.7,-12.75,30,2024-08-06 09:00,2024-08-06 05:00,2024-08-06,2024,8,6,5,0.0,-83.59288525833004,-31.680646248893403,2.303777617675312,19.716682185502698,0.2405179520545723,0.0
AGR01,Agricultura_Sorriso_MT,Agricultura intensiva,-55.7,-12.75,30,2024-08-06 10:00,2024-08-06 06:00,2024-08-06,2024,8,6,6,0.0,-82.05356534064154,-30.430695692301903,2.20469053135183,19.421306121614087,0.2405190901910679,0.0
AGR01,Agricultura_Sorriso_MT,Agricultura intensiva,-55.7,-12.75,30,2024-08-06 11:00,2024-08-06 07:00,2024-08-06,2024,8,6,7,50.9675240624588,-79.98604264376257,-16.414329924092595,9.459112373095252,20.05115361308262,0.2405235211633791,0.0
AGR01,Agricultura_Sorriso_MT,Agricultura intensiva,-55.7,-12.75,30,2024-08-06 12:00,2024-08-06 08:00,2024-08-06,2024,8,6,8,217.16190371249365,-80.34893126895331,28.13926819046542,31.74693356689458,23.271532195874215,0.24052387553769705,0.0
AGR01,Agricultura_Sorriso_MT,Agricultura intensiva,-55.7,-12.75,30,2024-08-06 13:00,2024-08-06 09:00,2024-08-06,2024,8,6,9,397.07240747019273,-95.37442848128686,116.92501921229587,57.80086775536342,26.61667000589019,0.2405235211633791,0.0
AGR01,Agricultura_Sorriso_MT,Agricultura intensiva,-55.7,-12.75,30,2024-08-06 14:00,2024-08-06 10:00,2024-08-06,2024,8,6,10,549.8130054058128,-112.95398608050331,223.4990872746794,76.15577103463865,29.35127794880408,0.24051842800256137,0.0
AGR01,Agricultura_Sorriso_MT,Agricultura intensiva,-55.7,-12.75,30,2024-08-06 15:00,2024-08-06 11:00,2024-08-06,2024,8,6,11,655.7930585221599,-127.46746077489594,311.54672712889186,88.20695419185925,31.094282664434683,0.24051257435963058,0.0
AGR01,Agricultura_Sorriso_MT,Agricultura intensiva,-55.7,-12.75,30,2024-08-06 16:00,2024-08-06 12:00,2024-08-06,2024,8,6,12,705.4117745003862,-139.73103849993407,366.98506112147066,89.6278903203933,31.93285040822268,0.24050369948163877,0.0
AGR01,Agricultura_Sorriso_MT,Agricultura intensiva,-55.7,-12.75,30,2024-08-06 17:00,2024-08-06 13:00,2024-08-06,2024,8,6,13,683.1357988171254,-147.25621352960013,349.54308357348697,89.27330602173629,32.44666239299864,0.24049264403758838,0.0
AGR01,Agricultura_Sorriso_MT,Agricultura intensiva,-55.7,-12.75,30,2024-08-06 18:00,2024-08-06 14:00,2024-08-06,2024,8,6,14,621.0631070237895,-152.6980887061837,305.92757265826606,84.96744391704809,32.729209392655626,0.2404849072960922,0.0
AGR01,Agricultura_Sorriso_MT,Agricultura intensiva,-55.7,-12.75,30,2024-08-06 19:00,2024-08-06 15:00,2024-08-06,2024,8,6,15,487.1242518505961,-150.90706273191316,223.35890019023944,71.25375242508146,32.65050942161809,0.24047577375071508,0.0
AGR01,Agricultura_Sorriso_MT,Agricultura intensiva,-55.7,-12.75,30,2024-08-06 20:00,2024-08-06 16:00,2024-08-06,2024,8,6,16,328.18895048124915,-147.3751907102899,123.80864044753352,54.6717847657795,32.268541553404866,0.24047172819280802,0.0
AGR01,Agricultura_Sorriso_MT,Agricultura intensiva,-55.7,-12.75,30,2024-08-06 21:00,2024-08-06 17:00,2024-08-06,2024,8,6,17,146.23762125407322,-135.8344340848731,20.292859241679384,30.177062779002085,31.231712736811055,0.2404712600048405,0.0
AGR01,Agricultura_Sorriso_MT,Agricultura intensiva,-55.7,-12.75,30,2024-08-06 22:00,2024-08-06 18:00,2024-08-06,2024,8,6,18,15.024335857301613,-125.09400675255694,-44.534975796274324,6.358948126801153,29.74524063237102,0.24047394238562667,0.0
AGR01,Agricultura_Sorriso_MT,Agricultura intensiva,-55.7,-12.75,30,2024-08-06 23:00,2024-08-06 19:00,2024-08-06,2024,8,6,19,0.0,-108.84557062402291,-39.435939048049576,2.5270115462131053,27.881845710988514,0.24047693258060146,0.0
AGR01,Agricultura_Sorriso_MT,Agricultura intensiva,-55.7,-12.75,30,2024-08-07 00:00,2024-08-06 20:00,2024-08-06,2024,8,6,20,0.0,-97.73321674106724,-31.25480891299844,2.3904019513665213,26.266859933452555,0.24047922954698348,0.0
AGR01,Agricultura_Sorriso_MT,Agricultura intensiva,-55.7,-12.75,30,2024-08-07 01:00,2024-08-06 21:00,2024-08-06,2024,8,6,21,0.0,-88.51365662847752,-29.924742964909306,2.409214085249854,25.04453118998919,0.2404836941460548,0.0
AGR01,Agricultura_Sorriso_MT,Agricultura intensiva,-55.7,-12.75,30,2024-08-07 02:00,2024-08-06 22:00,2024-08-06,2024,8,6,22,0.0,-83.72248125270762,-30.724710238081787,2.435340665084478,24.14863823209908,0.2404860687126525,0.0
AGR01,Agricultura_Sorriso_MT,Agricultura intensiva,-55.7,-12.75,30,2024-08-07 03:00,2024-08-06 23:00,2024-08-06,2024,8,6,23,0.0,-76.53783566188241,-27.761180849861564,2.412272489687518,23.475464476090547,0.24048969005604756,0.0
AGR01,Agricultura_Sorriso_MT,Agricultura intensiva,-55.7,-12.75,30,2024-08-07 04:00,2024-08-07 00:00,2024-08-07,2024,8,7,0,0.0,-75.71944224303553,-26.212087359439458,2.286530956282609,22.79076089039358,0.24049325190594398,0.0
AGR01,Agricultura_Sorriso_MT,Agricultura intensiva,-55.7,-12.75,30,2024-08-07 05:00,2024-08-07 01:00,2024-08-07,2024,8,7,1,0.0,-66.45503406886289,-21.706070473338226,2.2715237516716584,22.31114331905188,0.2404976595981905,0.0
AGR01,Agricultura_Sorriso_MT,Agricultura intensiva,-55.7,-12.75,30,2024-08-07 06:00,2024-08-07 02:00,2024-08-07,2024,8,7,2,0.0,-68.07007327042248,-22.070092388540427,2.1789257124559716,21.868318180149565,0.2405006627265346,0.0
AGR01,Agricultura_Sorriso_MT,Agricultura intensiva,-55.7,-12.75,30,2024-08-07 07:00,2024-08-07 03:00,2024-08-07,2024,8,7,3,0.0,-75.9091075700213,-24.018400293835114,2.0078634796858226,21.25249676727851,0.24050393486895943,0.0
AGR01,Agricultura_Sorriso_MT,Agricultura intensiva,-55.7,-12.75,30,2024-08-07 08:00,2024-08-07 04:00,2024-08-07,2024,8,7,4,0.0,-73.74101778079147,-23.56637024166055,1.939636473225217,20.750765377134588,0.24050965400484983,0.0
AGR01,Agricultura_Sorriso_MT,Agricultura intensiva,-55.7,-12.75,30,2024-08-07 09:00,2024-08-07 05:00,2024-08-07,2024,8,7,5,0.0,-71.92212105159065,-20.894300540581277,1.8209328323067944,20.30914095930175,0.24051250969278426,0.0
AGR01,Agricultura_Sorriso_MT,Agricultura intensiva,-55.7,-12.75,30,2024-08-07 10:00,2024-08-07 06:00,2024-08-07,2024,8,7,6,0.0,-70.12839454898193,-18.873868028479404,1.7256076359458288,19.930385706387955,0.2405171036255483,0.0
AGR01,Agricultura_Sorriso_MT,Agricultura intensiva,-55.7,-12.75,30,2024-08-07 11:00,2024-08-07 07:00,2024-08-07,2024,8,7,7,50.80978216646888,-68.34203659754007,-9.415979356199735,7.942382136331957,20.63882137285006,0.24052224851984308,0.0
AGR01,Agricultura_Sorriso_MT,Agricultura intensiva,-55.7,-12.75,30,2024-08-07 12:00,2024-08-07 08:00,2024-08-07,2024,8,7,8,215.64917716750494,-70.8949312501177,20.576111582000713,30.100007110433037,24.414069252253455,0.2405239867646727,0.0
AGR01,Agricultura_Sorriso_MT,Agricultura intensiva,-55.7,-12.75,30,2024-08-07 13:00,2024-08-07 09:00,2024-08-07,2024,8,7,9,395.7465137217232,-90.6307970748338,102.98733650712927,61.09469787722964,27.909505782747395,0.24052224851984308,0.0
AGR01,Agricultura_Sorriso_MT,Agricultura intensiva,-55.7,-12.75,30,2024-08-07 14:00,2024-08-07 10:00,2024-08-07,2024,8,7,10,548.532719199111,-111.5101947128515,208.97326020417773,80.12095204460267,30.518892102032176,0.24051458420521488,0.0
AGR01,Agricultura_Sorriso_MT,Agricultura intensiva,-55.7,-12.75,30,2024-08-07 15:00,2024-08-07 11:00,2024-08-07,2024,8,7,11,654.3420315119323,-127.9129505942627,301.1653374394908,89.36913610593133,32.00371494580983,0.24050752517226834,0.0
AGR01,Agricultura_Sorriso_MT,Agricultura intensiva,-55.7,-12.75,30,2024-08-07 16:00,2024-08-07 12:00,2024-08-07,2024,8,7,12,703.1405177902094,-139.58210652464635,351.02274500386125,92.83586379989077,32.82485252751562,0.24049626020763576,0.0
AGR01,Agricultura_Sorriso_MT,Agricultura intensiva,-55.7,-12.75,30,2024-08-07 17:00,2024-08-07 13:00,2024-08-07,2024,8,7,13,689.8377746699064,-146.3535732515869,345.11286828275985,92.89849174059633,33.322505819395396,0.2404841623340224,0.0
AGR01,Agricultura_Sorriso_MT,Agricultura intensiva,-55.7,-12.75,30,2024-08-07 18:00,2024-08-07 14:00,2024-08-07,2024,8,7,14,617.9834743176809,-152.75319851763953,299.68389595223294,86.65807829952345,33.55432208937942,0.24047395531899596,0.0
AGR01,Agricultura_Sorriso_MT,Agricultura intensiva,-55.7,-12.75,30,2024-08-07 19:00,2024-08-07 15:00,2024-08-07,2024,8,7,15,486.865310881317,-146.26881039159178,224.96758282948156,72.53789305155297,33.368225538425506,0.24046669969883663,0.0
AGR01,Agricultura_Sorriso_MT,Agricultura intensiva,-55.7,-12.75,30,2024-08-07 20:00,2024-08-07 16:00,2024-08-07,2024,8,7,16,319.59581021265376,-141.3090582207907,121.86838183496262,54.57482718351511,32.99452116973201,0.24046170483162527,0.0
AGR01,Agricultura_Sorriso_MT,Agricultura intensiva,-55.7,-12.75,30,2024-08-07 21:00,2024-08-07 17:00,2024-08-07,2024,8,7,17,145.8710447156768,-137.20381495922092,20.455524853553335,29.82530880940272,31.971769513370933,0.24046120560357154,0.0
AGR01,Agricultura_Sorriso_MT,Agricultura intensiva,-55.7,-12.75,30,2024-08-07 22:00,2024-08-07 18:00,2024-08-07,2024,8,7,18,15.100503192631518,-124.20841734003885,-40.71293910455632,6.209997551374054,30.267537688562335,0.24046550465551625,0.0
AGR01,Agricultura_Sorriso_MT,Agricultura intensiva,-55.7,-12.75,30,2024-08-07 23:00,2024-08-07 19:00,2024-08-07,2024,8,7,19,0.0,-107.44674040797872,-33.19639129042588,2.3319093631688985,28.306888688057263,0.24046713167337014,0.0
AGR01,Agricultura_Sorriso_MT,Agricultura intensiva,-55.7,-12.75,30,2024-08-08 00:00,2024-08-07 20:00,2024-08-07,2024,8,7,20,0.0,-92.78622440714999,-28.759990958919598,2.361704997080485,26.60121882778649,0.24046788698213536,0.0
AGR01,Agricultura_Sorriso_MT,Agricultura intensiva,-55.7,-12.75,30,2024-08-08 01:00,2024-08-07 21:00,2024-08-07,2024,8,7,21,0.0,-84.43366827710915,-29.288585777250372,2.4179312171554503,25.48305023860723,0.24047207739377827,0.0
AGR01,Agricultura_Sorriso_MT,Agricultura intensiva,-55.7,-12.75,30,2024-08-08 02:00,2024-08-07 22:00,2024-08-07,2024,8,7,22,0.0,-81.10201287647624,-29.225539356953156,2.3904350549057276,24.649849995679247,0.2404779982902292,0.0
AGR01,Agricultura_Sorriso_MT,Agricultura intensiva,-55.7,-12.75,30,2024-08-08 03:00,2024-08-07 23:00,2024-08-07,2024,8,7,23,0.0,-72.12344738279558,-27.851986730330943,2.4371845510538512,24.106629407112855,0.24047958392130148,0.0
AGR01,Agricultura_Sorriso_MT,Agricultura intensiva,-55.7,-12.75,30,2024-08-08 04:00,2024-08-08 00:00,2024-08-08,2024,8,8,0,0.0,-67.47581582801227,-25.899070463920435,2.399611775065454,23.655945740935987,0.24048292590392034,0.0
AGR01,Agricultura_Sorriso_MT,Agricultura intensiva,-55.7,-12.75,30,2024-08-08 05:00,2024-08-08 01:00,2024-08-08,2024,8,8,1,0.0,-68.08193304891601,-25.67109886798139,2.311358657776271,23.206018268166833,0.24048490470941836,0.0
AGR01,Agricultura_Sorriso_MT,Agricultura intensiva,-55.7,-12.75,30,2024-08-08 06:00,2024-08-08 02:00,2024-08-08,2024,8,8,2,0.0,-70.62770716788157,-25.183506667796802,2.1769946412762997,22.664463375988504,0.24049030309775085,0.0
AGR01,Agricultura_Sorriso_MT,Agricultura intensiva,-55.7,-12.75,30,2024-08-08 07:00,2024-08-08 03:00,2024-08-08,2024,8,8,3,0.0,-75.70474327098755,-20.150468817690378,1.818550554707954,21.574727898982673,0.24049463577645563,0.0
AGR01,Agricultura_Sorriso_MT,Agricultura intensiva,-55.7,-12.75,30,2024-08-08 08:00,2024-08-08 04:00,2024-08-08,2024,8,8,4,0.0,-73.33488119455276,-16.241578327776836,1.6755570624022904,20.927940471860655,0.24049694308953307,0.0
AGR01,Agricultura_Sorriso_MT,Agricultura intensiva,-55.7,-12.75,30,2024-08-08 09:00,2024-08-08 05:00,2024-08-08,2024,8,8,5,0.0,-69.88576260571473,-14.975790906179958,1.5893020474280006,20.446786263636135,0.24050329596051762,0.0
AGR01,Agricultura_Sorriso_MT,Agricultura intensiva,-55.7,-12.75,30,2024-08-08 10:00,2024-08-08 06:00,2024-08-08,2024,8,8,6,0.0,-67.57323491740596,-13.7288700533047,1.5026878378632906,20.06585974634292,0.2405084175747478,0.0
AGR01,Agricultura_Sorriso_MT,Agricultura intensiva,-55.7,-12.75,30,2024-08-08 11:00,2024-08-08 07:00,2024-08-08,2024,8,8,7,51.83991166111016,-65.2309848656081,-4.954374140626472,6.494540882635475,20.69678144466275,0.2405129778807517,0.0
AGR01,Agricultura_Sorriso_MT,Agricultura intensiva,-55.7,-12.75,30,2024-08-08 12:00,2024-08-08 08:00,2024-08-08,2024,8,8,8,217.13973093367986,-67.42301336384698,8.360890499331337,20.6336585296943,25.293571859910408,0.2405145867918887,0.0
AGR01,Agricultura_Sorriso_MT,Agricultura intensiva,-55.7,-12.75,30,2024-08-08 13:00,2024-08-08 09:00,2024-08-08,2024,8,8,9,397.72900604622254,-92.63664834906106,84.96647962931571,65.18348166355878,29.060595453769665,0.24051228982550668,0.0
AGR01,Agricultura_Sorriso_MT,Agricultura intensiva,-55.7,-12.75,30,2024-08-08 14:00,2024-08-08 10:00,2024-08-08,2024,8,8,10,550.1977985910985,-114.15950010359573,193.89355695880658,84.25660582772974,31.60284965063764,0.24050329854719146,0.0
AGR01,Agricultura_Sorriso_MT,Agricultura intensiva,-55.7,-12.75,30,2024-08-08 15:00,2024-08-08 11:00,2024-08-08,2024,8,8,11,655.167141511744,-131.67667490723477,288.46648424403384,92.31314450660187,32.86367273636242,0.24049271646445627,0.0
AGR01,Agricultura_Sorriso_MT,Agricultura intensiva,-55.7,-12.75,30,2024-08-08 16:00,2024-08-08 12:00,2024-08-08,2024,8,8,12,704.6366709988511,-144.85298850087588,331.7924636944115,97.26220131472377,33.622241140062656,0.24047985810873,0.0
AGR01,Agricultura_Sorriso_MT,Agricultura intensiva,-55.7,-12.75,30,2024-08-08 17:00,2024-08-08 13:00,2024-08-08,2024,8,8,13,683.0667857075587,-152.24215799288015,326.9444318246031,95.78533461415306,34.088160372144166,0.2404669687129174,0.0
AGR01,Agricultura_Sorriso_MT,Agricultura intensiva,-55.7,-12.75,30,2024-08-08 18:00,2024-08-08 14:00,2024-08-08,2024,8,8,14,606.3210339793939,-154.5834716336102,285.6510310598784,87.95324612457857,34.27220344032592,0.2404538413431103,0.0
AGR01,Agricultura_Sorriso_MT,Agricultura intensiva,-55.7,-12.75,30,2024-08-08 19:00,2024-08-08 15:00,2024-08-08,2024,8,8,15,495.2484281704997,-158.94866573430525,211.29325704921743,76.24272908779265,34.45920601518384,0.2404461227083311,0.0
AGR01,Agricultura_Sorriso_MT,Agricultura intensiva,-55.7,-12.75,30,2024-08-08 20:00,2024-08-08 16:00,2024-08-08,2024,8,8,16,329.45631048576973,-155.96921945339133,113.8415305795709,55.628385978791144,34.02532208176424,0.24044036477233294,0.0
AGR01,Agricultura_Sorriso_MT,Agricultura intensiva,-55.7,-12.75,30,2024-08-08 21:00,2024-08-08 17:00,2024-08-08,2024,8,8,17,147.13524561601776,-145.8167225612627,18.14429828031116,29.425385093518678,32.81910824139538,0.2404397025838264,0.0
AGR01,Agricultura_Sorriso_MT,Agricultura intensiva,-55.7,-12.75,30,2024-08-08 22:00,2024-08-08 18:00,2024-08-08,2024,8,8,18,15.426086342317907,-128.65722589516116,-43.13950820289692,6.38839690342996,31.24925530539225,0.2404403621856591,0.0
AGR01,Agricultura_Sorriso_MT,Agricultura intensiva,-55.7,-12.75,30,2024-08-08 23:00,2024-08-08 19:00,2024-08-08,2024,8,8,19,0.0,-112.1058191595562,-39.63299316268294,2.506450434160216,29.226657075004134,0.24044512425222356,0.0
AGR01,Agricultura_Sorriso_MT,Agricultura intensiva,-55.7,-12.75,30,2024-08-09 00:00,2024-08-08 20:00,2024-08-08,2024,8,8,20,0.0,-93.93782609105124,-31.777081237874583,2.533594017818463,27.557123656336778,0.24044920085021687,0.0
AGR01,Agricultura_Sorriso_MT,Agricultura intensiva,-55.7,-12.75,30,2024-08-09 01:00,2024-08-08 21:00,2024-08-08,2024,8,8,21,0.0,-87.9314872282967,-31.339796905313523,2.544341719877191,26.32603161364497,0.24045216517845314,0.0
AGR01,Agricultura_Sorriso_MT,Agricultura intensiva,-55.7,-12.75,30,2024-08-09 02:00,2024-08-08 22:00,2024-08-08,2024,8,8,22,0.0,-83.19327796260195,-29.506271566743884,2.496817869318717,25.392778976086074,0.24045403275697547,0.0
AGR01,Agricultura_Sorriso_MT,Agricultura intensiva,-55.7,-12.75,30,2024-08-09 03:00,2024-08-08 23:00,2024-08-08,2024,8,8,23,0.0,-82.53719485176396,-28.430724863912907,2.397998342468592,24.50541057518772,0.2404588594903863,0.0
AGR01,Agricultura_Sorriso_MT,Agricultura intensiva,-55.7,-12.75,30,2024-08-09 04:00,2024-08-09 00:00,2024-08-09,2024,8,9,0,0.0,-78.84855730020153,-27.37988538547023,2.3551563118042607,23.80256747090429,0.2404617876051886,0.0
AGR01,Agricultura_Sorriso_MT,Agricultura intensiva,-55.7,-12.75,30,2024-08-09 05:00,2024-08-09 01:00,2024-08-09,2024,8,9,1,0.0,-73.44700817935242,-25.075015445179034,2.315035363809309,23.27387740372361,0.24046489420048678,0.0
AGR01,Agricultura_Sorriso_MT,Agricultura intensiva,-55.7,-12.75,30,2024-08-09 06:00,2024-08-09 02:00,2024-08-09,2024,8,9,2,0.0,-75.34678358855548,-24.146513250833475,2.1969239136576824,22.68470256758215,0.2404698218141779,0.0
AGR01,Agricultura_Sorriso_MT,Agricultura intensiva,-55.7,-12.75,30,2024-08-09 07:00,2024-08-09 03:00,2024-08-09,2024,8,9,3,0.0,-76.47695541617226,-18.525135992917818,1.8635610084571772,21.660922892018103,0.2404739604923437,0.0
AGR01,Agricultura_Sorriso_MT,Agricultura intensiva,-55.7,-12.75,30,2024-08-09 08:00,2024-08-09 04:00,2024-08-09,2024,8,9,4,0.0,-72.82384406019852,-23.416421898250174,1.8671239946506937,21.134905034822033,0.24047644111256933,0.0
AGR01,Agricultura_Sorriso_MT,Agricultura intensiva,-55.7,-12.75,30,2024-08-09 09:00,2024-08-09 05:00,2024-08-09,2024,8,9,5,0.0,-72.72995875007064,-31.890797310278582,1.713474788570568,20.843441938525423,0.24048103504533333,0.0
AGR01,Agricultura_Sorriso_MT,Agricultura intensiva,-55.7,-12.75,30,2024-08-09 10:00,2024-08-09 06:00,2024-08-09,2024,8,9,6,0.0,-73.97155638432126,-32.56549881335819,1.4448330225461945,20.5545217521475,0.24048824410536335,0.0
AGR01,Agricultura_Sorriso_MT,Agricultura intensiva,-55.7,-12.75,30,2024-08-09 11:00,2024-08-09 07:00,2024-08-09,2024,8,9,7,51.48363733966209,-73.23337561921984,-8.869385394888026,6.370287525192594,21.04678975461117,0.240492897531626,0.0
AGR01,Agricultura_Sorriso_MT,Agricultura intensiva,-55.7,-12.75,30,2024-08-09 12:00,2024-08-09 08:00,2024-08-09,2024,8,9,8,215.46761183628112,-74.8925483603624,67.95263156655554,24.29676169218889,22.86073299963449,0.24049709052994273,0.0
AGR01,Agricultura_Sorriso_MT,Agricultura intensiva,-55.7,-12.75,30,2024-08-09 13:00,2024-08-09 09:00,2024-08-09,2024,8,9,9,396.60240125444983,-85.68250249571491,178.69642467649882,45.78741679380687,25.124802084271447,0.24049697930296704,0.0
AGR01,Agricultura_Sorriso_MT,Agricultura intensiva,-55.7,-12.75,30,2024-08-09 14:00,2024-08-09 10:00,2024-08-09,2024,8,9,10,546.6799445292047,-97.46882145749744,264.7084235086926,67.81249420805786,27.524515339576087,0.2404958334064499,0.0
AGR01,Agricultura_Sorriso_MT,Agricultura intensiva,-55.7,-12.75,30,2024-08-09 15:00,2024-08-09 11:00,2024-08-09,2024,8,9,11,655.4665037388634,-111.05874347817897,328.1752673711175,85.47369864948863,29.652971710086117,0.2404894624287484,0.0
AGR01,Agricultura_Sorriso_MT,Agricultura intensiva,-55.7,-12.75,30,2024-08-09 16:00,2024-08-09 12:00,2024-08-09,2024,8,9,12,704.4852174568196,-124.2049329453203,359.6513827202351,93.92042549584674,31.282719593917882,0.24048014781620153,0.0
AGR01,Agricultura_Sorriso_MT,Agricultura intensiva,-55.7,-12.75,30,2024-08-09 17:00,2024-08-09 13:00,2024-08-09,2024,8,9,13,692.2456551016181,-134.5963932681622,350.84925844305064,94.85010708029607,32.35157847374575,0.24047095219065195,0.0
AGR01,Agricultura_Sorriso_MT,Agricultura intensiva,-55.7,-12.75,30,2024-08-09 18:00,2024-08-09 14:00,2024-08-09,2024,8,9,14,620.1650767550055,-142.56708001356165,304.20929856284494,88.31005782524346,32.95661375928805,0.24046266966097268,0.0
AGR01,Agricultura_Sorriso_MT,Agricultura intensiva,-55.7,-12.75,30,2024-08-09 19:00,2024-08-09 15:00,2024-08-09,2024,8,9,15,490.666980750033,-143.42444199581857,251.74021849277648,64.81874328982315,31.839517289514305,0.2404555718279184,0.0
AGR01,Agricultura_Sorriso_MT,Agricultura intensiva,-55.7,-12.75,30,2024-08-09 20:00,2024-08-09 16:00,2024-08-09,2024,8,9,16,314.2052721741916,-131.42266980279143,166.45388107212148,46.23738863460849,30.824811952949542,0.24045596241567024,0.0
AGR01,Agricultura_Sorriso_MT,Agricultura intensiva,-55.7,-12.75,30,2024-08-09 21:00,2024-08-09 17:00,2024-08-09,2024,8,9,17,143.44420721026165,-116.58237276562889,65.30943399069524,24.892960012054772,29.058632685649535,0.24045659873743824,0.0
AGR01,Agricultura_Sorriso_MT,Agricultura intensiva,-55.7,-12.75,30,2024-08-09 22:00,2024-08-09 18:00,2024-08-09,2024,8,9,18,15.37940102842289,-107.01444340848731,-11.213874668022825,5.520176489423821,26.932656645657655,0.24046089778938298,0.0
AGR01,Agricultura_Sorriso_MT,Agricultura intensiva,-55.7,-12.75,30,2024-08-09 23:00,2024-08-09 19:00,2024-08-09,2024,8,9,19,0.0,-95.49232977340792,-16.913397374319565,2.511391572959635,24.884463476661853,0.24046338358295627,0.0
AGR01,Agricultura_Sorriso_MT,Agricultura intensiva,-55.7,-12.75,30,2024-08-10 00:00,2024-08-09 20:00,2024-08-09,2024,8,9,20,0.0,-90.19108992107891,-12.430532105253246,2.3412778060311537,22.96013143914176,0.24046837327681989,0.0
AGR01,Agricultura_Sorriso_MT,Agricultura intensiva,-55.7,-12.75,30,2024-08-10 01:00,2024-08-09 21:00,2024-08-09,2024,8,9,21,0.0,-86.4566619165678,-9.459904079787535,2.22295864647492,21.36503383638417,0.24047054608285692,0.0
AGR01,Agricultura_Sorriso_MT,Agricultura intensiva,-55.7,-12.75,30,2024-08-10 02:00,2024-08-09 22:00,2024-08-09,2024,8,9,22,0.0,-83.64605930736847,-7.732153872596109,2.1052730688817314,20.044812581304353,0.24047723263476856,0.0
AGR01,Agricultura_Sorriso_MT,Agricultura intensiva,-55.7,-12.75,30,2024-08-10 03:00,2024-08-09 23:00,2024-08-09,2024,8,9,23,0.0,-81.56125258989282,-6.689785392062686,2.008158798101373,18.925322827760986,0.24048226371541379,0.0
AGR01,Agricultura_Sorriso_MT,Agricultura intensiva,-55.7,-12.75,30,2024-08-10 04:00,2024-08-10 00:00,2024-08-10,2024,8,10,0,0.0,-79.21579335480591,-5.859202736810385,1.9371156834491725,17.99337571812277,0.24048585660539648,0.0
AGR01,Agricultura_Sorriso_MT,Agricultura intensiva,-55.7,-12.75,30,2024-08-10 05:00,2024-08-10 01:00,2024-08-10,2024,8,10,1,0.0,-74.14764887174849,-3.335768115123091,1.8842898513872406,17.235284470388272,0.24049183958201995,0.0
AGR01,Agricultura_Sorriso_MT,Agricultura intensiva,-55.7,-12.75,30,2024-08-10 06:00,2024-08-10 02:00,2024-08-10,2024,8,10,2,0.0,-73.22793215893466,-3.0371046881769046,1.8346856811889025,16.54918858162287,0.24049631711446057,0.0
AGR01,Agricultura_Sorriso_MT,Agricultura intensiva,-55.7,-12.75,30,2024-08-10 07:00,2024-08-10 03:00,2024-08-10,2024,8,10,3,0.0,-76.38929343014824,6.214230754741857,1.7045473338230581,15.01945572015817,0.24050076619348884,0.0
AGR01,Agricultura_Sorriso_MT,Agricultura intensiva,-55.7,-12.75,30,2024-08-10 08:00,2024-08-10 04:00,2024-08-10,2024,8,10,4,0.0,-72.61609081576916,2.343464381910305,1.7195139948390497,14.600816486188595,0.2405082132275134,0.0
AGR01,Agricultura_Sorriso_MT,Agricultura intensiva,-55.7,-12.75,30,2024-08-10 09:00,2024-08-10 05:00,2024-08-10,2024,8,10,5,0.0,-62.5461350558475,3.6174900171403817,1.697392542992221,14.45624528242425,0.2405112292892267,0.0
AGR01,Agricultura_Sorriso_MT,Agricultura intensiva,-55.7,-12.75,30,2024-08-10 10:00,2024-08-10 06:00,2024-08-10,2024,8,10,6,0.0,-59.91371093970729,1.154392175698329,1.6750452054020457,14.44617597932716,0.24051606636933298,0.0
AGR01,Agricultura_Sorriso_MT,Agricultura intensiva,-55.7,-12.75,30,2024-08-10 11:00,2024-08-10 07:00,2024-08-10,2024,8,10,7,46.84598943323728,-57.428640918423085,22.722059482774856,6.319050686557043,14.982648931678888,0.24052012744728318,0.0
AGR01,Agricultura_Sorriso_MT,Agricultura intensiva,-55.7,-12.75,30,2024-08-10 12:00,2024-08-10 08:00,2024-08-10,2024,8,10,8,162.13577913393982,-51.99321801246914,90.25110324725473,17.201000546231942,16.31324059938574,0.24052502919423577,0.0
AGR01,Agricultura_Sorriso_MT,Agricultura intensiva,-55.7,-12.75,30,2024-08-10 13:00,2024-08-10 09:00,2024-08-10,2024,8,10,9,352.2342857546477,-57.53807142453525,204.18424572903126,34.08204158896989,18.469695401874773,0.24052636391794424,0.0
AGR01,Agricultura_Sorriso_MT,Agricultura intensiva,-55.7,-12.75,30,2024-08-10 14:00,2024-08-10 10:00,2024-08-10,2024,8,10,10,443.454747414816,-70.86611713849803,261.5163793769189,44.98750842892392,20.34794122230647,0.24052636391794424,0.0
AGR01,Agricultura_Sorriso_MT,Agricultura intensiva,-55.7,-12.75,30,2024-08-10 15:00,2024-08-10 11:00,2024-08-10,2024,8,10,11,582.9614132338814,-84.65214264187902,338.9246789003786,61.02474769734985,22.4687824198181,0.24052598109021392,0.0
AGR01,Agricultura_Sorriso_MT,Agricultura intensiva,-55.7,-12.75,30,2024-08-10 16:00,2024-08-10 12:00,2024-08-10,2024,8,10,12,679.2406163944925,-106.85697641784857,387.64989941798046,74.47201484244036,24.51602373422255,0.24051956872573083,0.0
AGR01,Agricultura_Sorriso_MT,Agricultura intensiva,-55.7,-12.75,30,2024-08-10 17:00,2024-08-10 13:00,2024-08-10,2024,8,10,13,687.0035935469289,-121.06400802395886,387.37553954530904,79.60796104801189,26.11317748919973,0.24051291838725314,0.0
AGR01,Agricultura_Sorriso_MT,Agricultura intensiva,-55.7,-12.75,30,2024-08-10 18:00,2024-08-10 14:00,2024-08-10,2024,8,10,14,619.7314433708162,-129.00066296547445,343.44457685860124,75.48670452619089,27.12380013615426,0.2405081951207964,0.0
AGR01,Agricultura_Sorriso_MT,Agricultura intensiva,-55.7,-12.75,30,2024-08-10 19:00,2024-08-10 15:00,2024-08-10,2024,8,10,15,493.671518713153,-131.44893866192007,257.3494904974478,65.22681490271421,27.76528378771331,0.24050556964683503,0.0
AGR01,Agricultura_Sorriso_MT,Agricultura intensiva,-55.7,-12.75,30,2024-08-10 20:00,2024-08-10 16:00,2024-08-10,2024,8,10,16,329.0191129381627,-129.88170593885974,148.10948258650242,48.195433500970026,27.622073166635957,0.24050390900222102,0.0
AGR01,Agricultura_Sorriso_MT,Agricultura intensiva,-55.7,-12.75,30,2024-08-10 21:00,2024-08-10 17:00,2024-08-10,2024,8,10,17,147.73811371042174,-124.00529840274247,39.73486692659773,25.818010773954153,26.772475178174258,0.24050554119342266,0.0
AGR01,Agricultura_Sorriso_MT,Agricultura intensiva,-55.7,-12.75,30,2024-08-10 22:00,2024-08-10 18:00,2024-08-10,2024,8,10,18,15.620634759187059,-113.50807726356629,-28.737752726450807,5.230945357970276,25.270661309347844,0.24050747602546513,0.0
AGR01,Agricultura_Sorriso_MT,Agricultura intensiva,-55.7,-12.75,30,2024-08-10 23:00,2024-08-10 19:00,2024-08-10,2024,8,10,19,0.0,-99.9705711890904,-34.072475937541206,2.237169765120265,23.905715780457054,0.24051014547288205,0.0
AGR01,Agricultura_Sorriso_MT,Agricultura intensiva,-55.7,-12.75,30,2024-08-11 00:00,2024-08-10 20:00,2024-08-10,2024,8,10,20,0.0,-91.10641601213011,-32.50730180256541,2.1710141078525553,22.78564353382858,0.24051225102539892,0.0
AGR01,Agricultura_Sorriso_MT,Agricultura intensiva,-55.7,-12.75,30,2024-08-11 01:00,2024-08-10 21:00,2024-08-10,2024,8,10,21,0.0,-85.85995717259047,-31.62505210393475,2.1274490968337383,21.875852046228726,0.2405175666401681,0.0
AGR01,Agricultura_Sorriso_MT,Agricultura intensiva,-55.7,-12.75,30,2024-08-11 02:00,2024-08-10 22:00,2024-08-10,2024,8,10,22,0.0,-82.4180482920834,-30.44601676837882,2.087092209602381,21.07224835481337,0.24052039128801625,0.0
AGR01,Agricultura_Sorriso_MT,Agricultura intensiva,-55.7,-12.75,30,2024-08-11 03:00,2024-08-10 23:00,2024-08-10,2024,8,10,23,0.0,-80.07512758753838,-29.41171149535704,2.0630266900227916,20.373740546948692,0.2405232211092121,0.0
AGR01,Agricultura_Sorriso_MT,Agricultura intensiva,-55.7,-12.75,30,2024-08-11 04:00,2024-08-11 00:00,2024-08-11,2024,8,11,0,0.0,-78.13580017093292,-27.591503833041376,2.0220935280932735,19.736532111134792,0.24052874624456344,0.0
AGR01,Agricultura_Sorriso_MT,Agricultura intensiva,-55.7,-12.75,30,2024-08-11 05:00,2024-08-11 01:00,2024-08-11,2024,8,11,1,0.0,-76.20673386261325,-26.253960275752956,2.0127629918441916,19.181428950753226,0.24053279956249204,0.0
AGR01,Agricultura_Sorriso_MT,Agricultura intensiva,-55.7,-12.75,30,2024-08-11 06:00,2024-08-11 02:00,2024-08-11,2024,8,11,2,0.0,-74.89154331713475,-25.579850963440123,2.0205751916520693,18.692547742446273,0.24053686581378994,0.0
AGR01,Agricultura_Sorriso_MT,Agricultura intensiva,-55.7,-12.75,30,2024-08-11 07:00,2024-08-11 03:00,2024-08-11,2024,8,11,3,0.0,-75.07955712832684,-21.2245657456066,1.9144916746717897,17.867372670669177,0.24054078462467818,0.0
AGR01,Agricultura_Sorriso_MT,Agricultura intensiva,-55.7,-12.75,30,2024-08-11 08:00,2024-08-11 04:00,2024-08-11,2024,8,11,4,0.0,-73.4266187301049,-23.175682837015692,1.9223686688892667,17.555508612196114,0.2405449284761917,0.0
AGR01,Agricultura_Sorriso_MT,Agricultura intensiva,-55.7,-12.75,30,2024-08-11 09:00,2024-08-11 05:00,2024-08-11,2024,8,11,5,0.0,-71.82771430185905,-22.915742122016916,1.8230464673861861,17.327686394269374,0.24054832736563533,0.0
AGR01,Agricultura_Sorriso_MT,Agricultura intensiva,-55.7,-12.75,30,2024-08-11 10:00,2024-08-11 06:00,2024-08-11,2024,8,11,6,0.0,-70.42841917650827,-22.90952086982728,1.7175776496958053,17.187552989048584,0.24055385250098663,0.0
AGR01,Agricultura_Sorriso_MT,Agricultura intensiva,-55.7,-12.75,30,2024-08-11 11:00,2024-08-11 07:00,2024-08-11,2024,8,11,7,54.2005332353883,-68.50005481154999,-5.299077998154113,7.771089638545138,17.9636743028521,0.24055982513091462,0.0
AGR01,Agricultura_Sorriso_MT,Agricultura intensiva,-55.7,-12.75,30,2024-08-11 12:00,2024-08-11 08:00,2024-08-11,2024,8,11,8,220.31384754478165,-69.72038255071482,39.79794856943738,27.970976530862103,21.077885433649065,0.24055982513091462,0.0
AGR01,Agricultura_Sorriso_MT,Agricultura intensiva,-55.7,-12.75,30,2024-08-11 13:00,2024-08-11 09:00,2024-08-11,2024,8,11,9,396.9627663822493,-86.36975932832307,141.11263288504637,50.63410587481872,24.138632460298513,0.240559341422904,0.0
AGR01,Agricultura_Sorriso_MT,Agricultura intensiva,-55.7,-12.75,30,2024-08-11 14:00,2024-08-11 10:00,2024-08-11,2024,8,11,10,552.8754095797781,-102.80458651183815,240.6907396733909,69.84942297187845,26.823641837405095,0.24055316444574157,0.0
AGR01,Agricultura_Sorriso_MT,Agricultura intensiva,-55.7,-12.75,30,2024-08-11 15:00,2024-08-11 11:00,2024-08-11,2024,8,11,11,658.9744276807745,-117.88424445762935,311.54061592360284,84.28217202539037,28.9748958682707,0.24054546650435318,0.0
AGR01,Agricultura_Sorriso_MT,Agricultura intensiva,-55.7,-12.75,30,2024-08-11 16:00,2024-08-11 12:00,2024-08-11,2024,8,11,12,707.8340825186942,-130.6083566423688,344.6678651748884,92.85285632216382,30.61351501392419,0.2405333919108045,0.0
AGR01,Agricultura_Sorriso_MT,Agricultura intensiva,-55.7,-12.75,30,2024-08-11 17:00,2024-08-11 13:00,2024-08-11,2024,8,11,13,695.0520128647039,-140.51486702077565,336.1055930383681,94.30214452543744,31.77485241680597,0.240520448194841,0.0
AGR01,Agricultura_Sorriso_MT,Agricultura intensiva,-55.7,-12.75,30,2024-08-11 18:00,2024-08-11 14:00,2024-08-11,2024,8,11,14,621.9517299542294,-147.22103694599838,291.7137283155338,87.54635898739899,32.46161723753664,0.24050828824105513,0.0
AGR01,Agricultura_Sorriso_MT,Agricultura intensiva,-55.7,-12.75,30,2024-08-11 19:00,2024-08-11 15:00,2024-08-11,2024,8,11,15,496.56337043943427,-150.79659104179618,211.48028479403297,75.25247386562692,32.921062912191665,0.24049754837121498,0.0
AGR01,Agricultura_Sorriso_MT,Agricultura intensiva,-55.7,-12.75,30,2024-08-11 20:00,2024-08-11 16:00,2024-08-11,2024,8,11,16,329.8938788118514,-147.4628596183911,115.88470889604639,53.52523290199848,32.6304680071073,0.24049311739890364,0.0
AGR01,Agricultura_Sorriso_MT,Agricultura intensiva,-55.7,-12.75,30,2024-08-11 21:00,2024-08-11 17:00,2024-08-11,2024,8,11,17,148.05726959371646,-138.45572978470926,19.415538603529797,27.909105874818703,31.479446150913443,0.2404996694437749,8.583068797918258E-4
AGR01,Agricultura_Sorriso_MT,Agricultura intensiva,-55.7,-12.75,30,2024-08-11 22:00,2024-08-11 18:00,2024-08-11,2024,8,11,18,15.707747452487236,-124.54762699892633,-39.858986080503286,5.91939933322032,29.36483587047413,0.24050167928935917,0.0
AGR01,Agricultura_Sorriso_MT,Agricultura intensiva,-55.7,-12.75,30,2024-08-11 23:00,2024-08-11 19:00,2024-08-11,2024,8,11,19,0.0,-106.74716505622422,-44.48736810382174,2.714209376353808,27.5254754585904,0.2405049229783716,0.0
AGR01,Agricultura_Sorriso_MT,Agricultura intensiva,-55.7,-12.75,30,2024-08-12 00:00,2024-08-11 20:00,2024-08-11,2024,8,11,20,0.0,-96.31751238439664,-43.026931306624476,2.6514599461302293,26.24971579541838,0.24050637410240347,0.0
AGR01,Agricultura_Sorriso_MT,Agricultura intensiva,-55.7,-12.75,30,2024-08-12 01:00,2024-08-11 21:00,2024-08-11,2024,8,11,21,0.0,-89.91094764178484,-41.013336841460884,2.5463212926861427,25.21579160921494,0.24050947293768013,0.0
AGR01,Agricultura_Sorriso_MT,Agricultura intensiva,-55.7,-12.75,30,2024-08-12 02:00,2024-08-11 22:00,2024-08-11,2024,8,11,22,0.0,-85.28768007995707,-38.7524745248724,2.4600436985553107,24.31097483087708,0.24051155003678454,0.0
AGR01,Agricultura_Sorriso_MT,Agricultura intensiva,-55.7,-12.75,30,2024-08-12 03:00,2024-08-11 23:00,2024-08-11,2024,8,11,23,0.0,-82.1212128821269,-38.666512144242915,2.459628373924017,23.5777000441473,0.24051736487960748,0.0
AGR01,Agricultura_Sorriso_MT,Agricultura intensiva,-55.7,-12.75,30,2024-08-12 04:00,2024-08-12 00:00,2024-08-12,2024,8,12,0,0.0,-80.70582876570418,-38.849899983047976,2.479343933058334,22.926552405763978,0.24051965667264177,0.0
AGR01,Agricultura_Sorriso_MT,Agricultura intensiva,-55.7,-12.75,30,2024-08-12 05:00,2024-08-12 01:00,2024-08-12,2024,8,12,1,0.0,-79.85296239004728,-38.13799848373547,2.4877285698140925,22.293552413296368,0.24052323921592905,0.0
AGR01,Agricultura_Sorriso_MT,Agricultura intensiva,-55.7,-12.75,30,2024-08-12 06:00,2024-08-12 02:00,2024-08-12,2024,8,12,2,0.0,-79.4212550149743,-37.8364286790605,2.4999681207737656,21.730333633539274,0.2405256577559822,0.0
AGR01,Agricultura_Sorriso_MT,Agricultura intensiva,-55.7,-12.75,30,2024-08-12 07:00,2024-08-12 03:00,2024-08-12,2024,8,12,3,0.0,-78.6873681509107,-33.94367133789155,2.4714842440338294,20.920602106591343,0.24053006286155493,0.0
AGR01,Agricultura_Sorriso_MT,Agricultura intensiva,-55.7,-12.75,30,2024-08-12 08:00,2024-08-12 04:00,2024-08-12,2024,8,12,4,0.0,-78.27582900114899,-36.44569705788175,2.5298833606449302,20.55955794406032,0.24053970339500735,8.583068797918258E-4
AGR01,Agricultura_Sorriso_MT,Agricultura intensiva,-55.7,-12.75,30,2024-08-12 09:00,2024-08-12 05:00,2024-08-12,2024,8,12,5,0.0,-77.59119071499876,-36.26583234446516,2.570541899757021,20.23773054299791,0.24054360409917863,0.0
AGR01,Agricultura_Sorriso_MT,Agricultura intensiva,-55.7,-12.75,30,2024-08-12 10:00,2024-08-12 06:00,2024-08-12,2024,8,12,6,0.0,-76.9112590646249,-35.563843918931646,2.4900184588725014,19.92371877181085,0.24054648306717769,0.0
AGR01,Agricultura_Sorriso_MT,Agricultura intensiva,-55.7,-12.75,30,2024-08-12 11:00,2024-08-12 07:00,2024-08-12,2024,8,12,7,55.10833644120473,-75.44858507091595,-14.358940404211639,11.14053869770771,20.427391641749086,0.2405483092589183,0.0
AGR01,Agricultura_Sorriso_MT,Agricultura intensiva,-55.7,-12.75,30,2024-08-12 12:00,2024-08-12 08:00,2024-08-12,2024,8,12,8,221.88326354749395,-76.23741095477574,51.257214311276854,33.147402102051196,22.827653271910684,0.24055011217059427,0.0
AGR01,Agricultura_Sorriso_MT,Agricultura intensiva,-55.7,-12.75,30,2024-08-12 13:00,2024-08-12 09:00,2024-08-12,2024,8,12,9,401.7195313706653,-88.5456770921625,148.74287449850252,54.75836347026803,25.54857520623863,0.2405478048575169,0.0
AGR01,Agricultura_Sorriso_MT,Agricultura intensiva,-55.7,-12.75,30,2024-08-12 14:00,2024-08-12 10:00,2024-08-12,2024,8,12,10,554.0582534704564,-104.62219448682451,245.6256687103276,71.97384999340754,28.091634269956238,0.2405434902855291,0.0
AGR01,Agricultura_Sorriso_MT,Agricultura intensiva,-55.7,-12.75,30,2024-08-12 15:00,2024-08-12 11:00,2024-08-12,2024,8,12,11,659.9463215987645,-119.67365141926128,315.9727781074006,84.34574372304158,30.181114750066914,0.24053188646662174,0.0
AGR01,Agricultura_Sorriso_MT,Agricultura intensiva,-55.7,-12.75,30,2024-08-12 16:00,2024-08-12 12:00,2024-08-12,2024,8,12,12,709.3183790096251,-133.08365349117554,355.4684372115802,90.07960765478141,31.68257078619244,0.24052207521269495,0.0
AGR01,Agricultura_Sorriso_MT,Agricultura intensiva,-55.7,-12.75,30,2024-08-12 17:00,2024-08-12 13:00,2024-08-12,2024,8,12,13,695.5993327494302,-142.5145848166356,353.6532642067394,89.23806473790283,32.594812254866106,0.24050914701677453,0.0
AGR01,Agricultura_Sorriso_MT,Agricultura intensiva,-55.7,-12.75,30,2024-08-12 18:00,2024-08-12 14:00,2024-08-12,2024,8,12,14,622.8631123919308,-147.86983118607674,311.3416933190183,82.4291081350888,33.031348217040915,0.24049865029427653,0.0
AGR01,Agricultura_Sorriso_MT,Agricultura intensiva,-55.7,-12.75,30,2024-08-12 19:00,2024-08-12 15:00,2024-08-12,2024,8,12,15,496.40219453391364,-148.7817963967527,232.00615057166002,70.12773728127179,33.13102168464566,0.240491148940101,0.0
AGR01,Agricultura_Sorriso_MT,Agricultura intensiva,-55.7,-12.75,30,2024-08-12 20:00,2024-08-12 16:00,2024-08-12,2024,8,12,16,329.9499360531917,-144.61422637546855,130.25607956150762,51.95712201691434,32.63746478916086,0.24048573761839925,0.0
AGR01,Agricultura_Sorriso_MT,Agricultura intensiva,-55.7,-12.75,30,2024-08-12 21:00,2024-08-12 17:00,2024-08-12,2024,8,12,17,148.2838026219133,-135.57989353186042,26.372754704187145,28.604365429168787,31.18261837323131,0.2404849667895909,0.0
AGR01,Agricultura_Sorriso_MT,Agricultura intensiva,-55.7,-12.75,30,2024-08-12 22:00,2024-08-12 18:00,2024-08-12,2024,8,12,18,15.821147746322357,-122.92384038725957,-37.8334484187527,6.349809948955566,29.019442960096054,0.24048628340658237,0.0
AGR01,Agricultura_Sorriso_MT,Agricultura intensiva,-55.7,-12.75,30,2024-08-12 23:00,2024-08-12 19:00,2024-08-12,2024,8,12,19,0.0,-107.75092647529716,-46.44692396074666,2.9968770601420203,27.511558449682635,0.24048788455769773,0.0
AGR01,Agricultura_Sorriso_MT,Agricultura intensiva,-55.7,-12.75,30,2024-08-13 00:00,2024-08-12 20:00,2024-08-12,2024,8,12,20,0.0,-99.28235284699856,-48.22877606373962,3.089132056280725,26.377749288726783,0.24048923221477547,0.0
AGR01,Agricultura_Sorriso_MT,Agricultura intensiva,-55.7,-12.75,30,2024-08-13 01:00,2024-08-12 21:00,2024-08-12,2024,8,12,21,0.0,-95.19354830032398,-48.62475513740559,3.1508601740407975,25.378421893768934,0.2404921965430117,0.0
AGR01,Agricultura_Sorriso_MT,Agricultura intensiva,-55.7,-12.75,30,2024-08-13 02:00,2024-08-12 22:00,2024-08-12,2024,8,12,22,0.0,-92.94592606915484,-47.2144148254883,3.145757496562505,24.45697207828361,0.24049313033227288,0.0
AGR01,Agricultura_Sorriso_MT,Agricultura intensiva,-55.7,-12.75,30,2024-08-13 03:00,2024-08-12 23:00,2024-08-12,2024,8,12,23,0.0,-91.41137836450625,-45.72909509144676,3.122158251869432,23.639845268894913,0.24049641023471927,0.0
AGR01,Agricultura_Sorriso_MT,Agricultura intensiva,-55.7,-12.75,30,2024-08-13 04:00,2024-08-13 00:00,2024-08-13,2024,8,13,0,0.0,-90.47445247311218,-44.839110348269955,3.0972605526360404,22.92933092804397,0.24050029283217358,0.0
AGR01,Agricultura_Sorriso_MT,Agricultura intensiva,-55.7,-12.75,30,2024-08-13 05:00,2024-08-13 01:00,2024-08-13,2024,8,13,1,0.0,-89.6502550102654,-43.24934767663069,3.040130766043208,22.249555522519728,0.24050261566529416,0.0
AGR01,Agricultura_Sorriso_MT,Agricultura intensiva,-55.7,-12.75,30,2024-08-13 06:00,2024-08-13 02:00,2024-08-13,2024,8,13,2,0.0,-88.56068940592569,-41.060560499896425,2.952977811681829,21.618605862255546,0.24050410300275998,0.0
AGR01,Agricultura_Sorriso_MT,Agricultura intensiva,-55.7,-12.75,30,2024-08-13 07:00,2024-08-13 03:00,2024-08-13,2024,8,13,3,0.0,-89.68881163944924,-33.48066192951724,2.8368819573939095,20.4019318335702,0.2405072561581875,0.0
AGR01,Agricultura_Sorriso_MT,Agricultura intensiva,-55.7,-12.75,30,2024-08-13 08:00,2024-08-13 04:00,2024-08-13,2024,8,13,4,0.0,-87.44702687366974,-35.447979083083766,2.864973253470457,19.892789578862203,0.24051034982011643,0.0
AGR01,Agricultura_Sorriso_MT,Agricultura intensiva,-55.7,-12.75,30,2024-08-13 09:00,2024-08-13 05:00,2024-08-13,2024,8,13,5,0.0,-86.20090201258218,-34.89042577838052,2.776370194571585,19.452973101199316,0.24051333225506966,0.0
AGR01,Agricultura_Sorriso_MT,Agricultura intensiva,-55.7,-12.75,30,2024-08-13 10:00,2024-08-13 06:00,2024-08-13,2024,8,13,6,0.0,-85.29464570266147,-34.72629348665499,2.7043609086285807,19.087563680806294,0.2405171682923946,0.0
AGR01,Agricultura_Sorriso_MT,Agricultura intensiva,-55.7,-12.75,30,2024-08-13 11:00,2024-08-13 07:00,2024-08-13,2024,8,13,7,57.24036418602025,-84.03854815317098,-14.56781841555066,12.124792243506427,19.57848320104327,0.24051959459246927,0.0
AGR01,Agricultura_Sorriso_MT,Agricultura intensiva,-55.7,-12.75,30,2024-08-13 12:00,2024-08-13 08:00,2024-08-13,2024,8,13,8,227.6833355936035,-85.84456400331507,46.93795148895293,34.608555969938415,22.14284567605807,0.24052001363363357,0.0
AGR01,Agricultura_Sorriso_MT,Agricultura intensiva,-55.7,-12.75,30,2024-08-13 13:00,2024-08-13 09:00,2024-08-13,2024,8,13,9,410.7172152530561,-100.11917537812438,144.17380723663146,56.37572705354957,25.02842821663449,0.24051795722791994,0.0
AGR01,Agricultura_Sorriso_MT,Agricultura intensiva,-55.7,-12.75,30,2024-08-13 14:00,2024-08-13 10:00,2024-08-13,2024,8,13,10,565.2403809496901,-117.6354697123806,244.99455576274693,72.83240577499012,27.651775091481365,0.2405131072144444,0.0
AGR01,Agricultura_Sorriso_MT,Agricultura intensiva,-55.7,-12.75,30,2024-08-13 15:00,2024-08-13 11:00,2024-08-13,2024,8,13,11,671.9988513118984,-132.77169878133768,314.8456904183383,84.59837006272248,29.905976519768174,0.24050318732021578,0.0
AGR01,Agricultura_Sorriso_MT,Agricultura intensiva,-55.7,-12.75,30,2024-08-13 16:00,2024-08-13 12:00,2024-08-13,2024,8,13,12,720.8919525908345,-146.32268741406267,346.5742242564653,90.77049678853288,31.706242695750397,0.2404924707304402,0.0
AGR01,Agricultura_Sorriso_MT,Agricultura intensiva,-55.7,-12.75,30,2024-08-13 17:00,2024-08-13 13:00,2024-08-13,2024,8,13,13,707.6939562261024,-156.78856736546683,341.37367162042534,90.27628712964531,32.94963220498345,0.2404795140811074,0.0
AGR01,Agricultura_Sorriso_MT,Agricultura intensiva,-55.7,-12.75,30,2024-08-13 18:00,2024-08-13 14:00,2024-08-13,2024,8,13,14,632.9418113239533,-162.8412873180012,296.0815447062591,83.54433161929518,33.630066702765625,0.24046945450649074,0.0
AGR01,Agricultura_Sorriso_MT,Agricultura intensiva,-55.7,-12.75,30,2024-08-13 19:00,2024-08-13 15:00,2024-08-13,2024,8,13,15,503.8767682846433,-161.04940677327605,214.476173174361,71.33856058465653,34.04209101240928,0.24045955013230524,0.0
AGR01,Agricultura_Sorriso_MT,Agricultura intensiva,-55.7,-12.75,30,2024-08-13 20:00,2024-08-13 16:00,2024-08-13,2024,8,13,16,335.2376366992522,-158.0368172100733,114.0622802358215,52.88017479422126,33.70910303969772,0.24045423451753603,0.0
AGR01,Agricultura_Sorriso_MT,Agricultura intensiva,-55.7,-12.75,30,2024-08-13 21:00,2024-08-13 17:00,2024-08-13,2024,8,13,17,151.27560104349138,-148.95687494113875,11.643662956056577,28.802629070840638,32.47165322944785,0.24045354646229097,0.0
AGR01,Agricultura_Sorriso_MT,Agricultura intensiva,-55.7,-12.75,30,2024-08-13 22:00,2024-08-13 18:00,2024-08-13,2024,8,13,18,16.26911331487446,-135.33794150609333,-49.73980674690627,6.190998851029365,30.519126051162193,0.2404547104655251,0.0
AGR01,Agricultura_Sorriso_MT,Agricultura intensiva,-55.7,-12.75,30,2024-08-13 23:00,2024-08-13 19:00,2024-08-13,2024,8,13,19,0.0,-117.39513495696067,-47.23833493435799,2.5438579043529033,28.351499639686693,0.24045602966919047,0.0
AGR01,Agricultura_Sorriso_MT,Agricultura intensiva,-55.7,-12.75,30,2024-08-14 00:00,2024-08-13 20:00,2024-08-13,2024,8,13,20,0.0,-104.94737092915933,-39.787076152266856,2.4526384886327244,26.533121544928022,0.24046148496434774,0.0
AGR01,Agricultura_Sorriso_MT,Agricultura intensiva,-55.7,-12.75,30,2024-08-14 01:00,2024-08-13 21:00,2024-08-13,2024,8,13,21,0.0,-96.9400835181575,-37.096627159028834,2.4366105366257935,25.165287676518783,0.24046528220156485,0.0
AGR01,Agricultura_Sorriso_MT,Agricultura intensiva,-55.7,-12.75,30,2024-08-14 02:00,2024-08-13 22:00,2024-08-13,2024,8,13,22,0.0,-92.00409986509013,-36.82655614887646,2.443271976417848,24.198034892492064,0.24046774471507346,0.0
AGR01,Agricultura_Sorriso_MT,Agricultura intensiva,-55.7,-12.75,30,2024-08-14 03:00,2024-08-13 23:00,2024-08-13,2024,8,13,23,0.0,-88.57651662946638,-37.04238463204686,2.4564933557476785,23.438900190871724,0.24047091080387029,0.0
AGR01,Agricultura_Sorriso_MT,Agricultura intensiva,-55.7,-12.75,30,2024-08-14 04:00,2024-08-14 00:00,2024-08-14,2024,8,14,0,0.0,-87.04047852978847,-37.0079193742819,2.4459177873839257,22.80584676030897,0.2404739579056699,0.0
AGR01,Agricultura_Sorriso_MT,Agricultura intensiva,-55.7,-12.75,30,2024-08-14 05:00,2024-08-14 01:00,2024-08-14,2024,8,14,1,0.0,-85.14350348929197,-35.843472763745275,2.418903109754949,22.254618561520484,0.24047659631300058,0.0
AGR01,Agricultura_Sorriso_MT,Agricultura intensiva,-55.7,-12.75,30,2024-08-14 06:00,2024-08-14 02:00,2024-08-14,2024,8,14,2,0.0,-82.83417243506432,-34.07856694166619,2.389820685238553,21.7470775251814,0.24047959168132305,0.0
AGR01,Agricultura_Sorriso_MT,Agricultura intensiva,-55.7,-12.75,30,2024-08-14 07:00,2024-08-14 03:00,2024-08-14,2024,8,14,3,0.0,-82.42907128797727,-29.26815467781734,2.3360997155826793,20.914799917776907,0.2404830345442222,0.0
AGR01,Agricultura_Sorriso_MT,Agricultura intensiva,-55.7,-12.75,30,2024-08-14 08:00,2024-08-14 04:00,2024-08-14,2024,8,14,4,0.0,-80.10661423310918,-34.319137754044945,2.481562882597804,20.526741578534914,0.24048785610428539,0.0
AGR01,Agricultura_Sorriso_MT,Agricultura intensiva,-55.7,-12.75,30,2024-08-14 09:00,2024-08-14 05:00,2024-08-14,2024,8,14,5,0.0,-79.56706110734397,-34.42652737752161,2.4794472226931115,20.249022828079664,0.24049049709828993,0.0
AGR01,Agricultura_Sorriso_MT,Agricultura intensiva,-55.7,-12.75,30,2024-08-14 10:00,2024-08-14 06:00,2024-08-14,2024,8,14,6,3.4290181009964026E-4,-78.39498660319074,-34.446291085118006,2.49072954926447,20.047163785063727,0.24049352868004636,0.0
AGR01,Agricultura_Sorriso_MT,Agricultura intensiva,-55.7,-12.75,30,2024-08-14 11:00,2024-08-14 07:00,2024-08-14,2024,8,14,7,58.18709621216403,-76.72920179503117,-15.887301661298531,11.969288768341151,20.733608023783685,0.2404963429811991,0.0
AGR01,Agricultura_Sorriso_MT,Agricultura intensiva,-55.7,-12.75,30,2024-08-14 12:00,2024-08-14 08:00,2024-08-14,2024,8,14,8,228.0564047578685,-78.24367708274472,33.796329745154544,35.808559454521486,24.03514792970491,0.2404970258630965,0.0
AGR01,Agricultura_Sorriso_MT,Agricultura intensiva,-55.7,-12.75,30,2024-08-14 13:00,2024-08-14 09:00,2024-08-14,2024,8,14,9,409.64240191369527,-94.01114864101261,113.42198560019591,60.86504638262604,27.762843698080307,0.24049421673529142,0.0
AGR01,Agricultura_Sorriso_MT,Agricultura intensiva,-55.7,-12.75,30,2024-08-14 14:00,2024-08-14 10:00,2024-08-14,2024,8,14,10,564.4185542747359,-115.70200641351641,209.4244799966096,77.92651183816469,30.968978399162616,0.2404877190105711,0.0
AGR01,Agricultura_Sorriso_MT,Agricultura intensiva,-55.7,-12.75,30,2024-08-14 15:00,2024-08-14 11:00,2024-08-14,2024,8,14,11,670.6699838955755,-134.29259577894555,283.5876520031644,88.07074645420127,33.3637148034393,0.24047666615319457,0.0
AGR01,Agricultura_Sorriso_MT,Agricultura intensiva,-55.7,-12.75,30,2024-08-14 16:00,2024-08-14 12:00,2024-08-14,2024,8,14,12,719.3763583281535,-149.94215573261008,329.88896639731786,91.70827079919384,34.83749821209105,0.2404638957443793,0.0
AGR01,Agricultura_Sorriso_MT,Agricultura intensiva,-55.7,-12.75,30,2024-08-14 17:00,2024-08-14 13:00,2024-08-14,2024,8,14,13,706.7927315364186,-160.2724338870995,333.34799024316743,90.35982162701777,35.62916467268604,0.24045132192277685,0.0
AGR01,Agricultura_Sorriso_MT,Agricultura intensiva,-55.7,-12.75,30,2024-08-14 18:00,2024-08-14 14:00,2024-08-14,2024,8,14,14,632.1535263038934,-165.5233690738543,292.5922502872427,83.2105660093048,35.920485876988415,0.24044021733192328,0.0
AGR01,Agricultura_Sorriso_MT,Agricultura intensiva,-55.7,-12.75,30,2024-08-14 19:00,2024-08-14 15:00,2024-08-14,2024,8,14,15,504.08775479836504,-165.24714923433348,211.70594507543646,71.25640569964777,35.98372365327828,0.24043076045231446,0.0
AGR01,Agricultura_Sorriso_MT,Agricultura intensiva,-55.7,-12.75,30,2024-08-14 20:00,2024-08-14 16:00,2024-08-14,2024,8,14,16,335.1727196700006,-160.33105893654295,106.16816202369513,53.22628317417266,35.58731943671433,0.24042706409537762,0.0
AGR01,Agricultura_Sorriso_MT,Agricultura intensiva,-55.7,-12.75,30,2024-08-14 21:00,2024-08-14 17:00,2024-08-14,2024,8,14,17,150.86494961481233,-150.59737370740802,8.249171045939994,28.729456781752088,34.33012155887537,0.24042706409537762,0.0
AGR01,Agricultura_Sorriso_MT,Agricultura intensiva,-55.7,-12.75,30,2024-08-14 22:00,2024-08-14 18:00,2024-08-14,2024,8,14,18,16.231855116686447,-135.2970328775122,-47.308717673428646,6.015966077112879,32.11580184313138,0.24042820740522092,0.0
AGR01,Agricultura_Sorriso_MT,Agricultura intensiva,-55.7,-12.75,30,2024-08-14 23:00,2024-08-14 19:00,2024-08-14,2024,8,14,19,0.0,-114.60987502589892,-37.11213105799476,2.293716449115669,29.720805866133478,0.24042969474268677,0.0
