region_id,region_name,surface_type,longitude,latitude,radius_km,datetime_utc,datetime_local,date_local,year,month,day,hour_local,SWnet,LWnet,H,LE,T2m_C,soil_water_0_7cm,precip_mm_h,Rn,Gres
CAA01,Caatinga_Bahia,Caatinga,-40.5,-10.5,30,2024-08-01 00:00,2024-07-31 21:00,2024-07-31,2024,7,31,21,0.0,-76.34459076321238,-37.94018496363395,4.140805180500961,19.919198185919605,0.2174257791219584,0.0,-76.34459076321238,-42.54521098007939
CAA01,Caatinga_Bahia,Caatinga,-40.5,-10.5,30,2024-08-01 01:00,2024-07-31 22:00,2024-07-31,2024,7,31,22,0.0,-71.95559679969236,-33.635551638846174,3.208996930724094,19.09112165624152,0.2173780103235892,0.0,-71.95559679969236,-41.529042091570275
CAA01,Caatinga_Bahia,Caatinga,-40.5,-10.5,30,2024-08-01 02:00,2024-07-31 23:00,2024-07-31,2024,7,31,23,0.0,-72.10060301895214,-31.074045581002306,2.549443198218728,18.287230880964216,0.2173433748804958,0.0,-72.10060301895214,-43.57600063616856
CAA01,Caatinga_Bahia,Caatinga,-40.5,-10.5,30,2024-08-01 03:00,2024-08-01 00:00,2024-08-01,2024,8,1,0,0.0,-76.91086200839364,-31.578526557663466,1.8322470517860203,17.507640341428047,0.2173184903538792,0.0,-76.91086200839364,-47.16458250251619
CAA01,Caatinga_Bahia,Caatinga,-40.5,-10.5,30,2024-08-01 04:00,2024-08-01 01:00,2024-08-01,2024,8,1,1,0.0,-79.83315926527281,-31.455480164834125,1.0279478579160262,16.780523369214926,0.2173119627946545,0.00012954408909353191,-79.83315926527281,-49.40562695835471
CAA01,Caatinga_Bahia,Caatinga,-40.5,-10.5,30,2024-08-01 05:00,2024-08-01 02:00,2024-08-01,2024,8,1,2,0.0,-80.00397752520936,-30.836879640707203,0.1589016122600126,16.168910855958472,0.2173204540982244,0.0010009092910537,-80.00397752520936,-49.32599949676217
CAA01,Caatinga_Bahia,Caatinga,-40.5,-10.5,30,2024-08-01 06:00,2024-08-01 03:00,2024-08-01,2024,8,1,3,0.0,-68.43317789931447,-24.79888869898783,-1.2609499800603892,15.891602721969797,0.2173846109038519,0.0078091253033867,-68.43317789931447,-42.37333922026625
CAA01,Caatinga_Bahia,Caatinga,-40.5,-10.5,30,2024-08-01 07:00,2024-08-01 04:00,2024-08-01,2024,8,1,4,0.0,-50.13844587344996,-14.88277782525305,-0.0989103477088437,15.7638231944109,0.2174477271596869,0.0080100885111538,-50.13844587344996,-35.156757700488065
CAA01,Caatinga_Bahia,Caatinga,-40.5,-10.5,30,2024-08-01 08:00,2024-08-01 05:00,2024-08-01,2024,8,1,5,0.0,-27.76371959209253,-6.340444605860349,3.294591950094002,16.041042347048908,0.2175437446089611,0.0138609963709065,-27.76371959209253,-24.717866936326185
CAA01,Caatinga_Bahia,Caatinga,-40.5,-10.5,30,2024-08-01 09:00,2024-08-01 06:00,2024-08-01,2024,8,1,6,0.0,-12.458192213106972,0.5023956493666799,4.62777530906398,16.37143287691293,0.2183602345619339,0.1017568870765126,-12.458192213106972,-17.588363171537633
CAA01,Caatinga_Bahia,Caatinga,-40.5,-10.5,30,2024-08-01 10:00,2024-08-01 07:00,2024-08-01,2024,8,1,7,37.04220275736341,-18.95920834994968,7.9455787234850686,16.3454217702577,16.937836524234502,0.2186812480847625,0.0446830024435629,18.082994407413732,-6.208006086329037
CAA01,Caatinga_Bahia,Caatinga,-40.5,-10.5,30,2024-08-01 11:00,2024-08-01 08:00,2024-08-01,2024,8,1,8,182.20149717996927,-48.892674661501374,48.78270832146454,55.69140023547733,18.27712116779336,0.2185655149552094,0.0188816074549978,133.30882251846788,28.834713961526006
CAA01,Caatinga_Bahia,Caatinga,-40.5,-10.5,30,2024-08-01 12:00,2024-08-01 09:00,2024-08-01,2024,8,1,9,350.8071864258722,-48.07571469264514,179.7202520936593,48.33707685295963,20.0650684670289,0.21850499355412,0.0453567061178399,302.73147173322707,74.67414278660814
CAA01,Caatinga_Bahia,Caatinga,-40.5,-10.5,30,2024-08-01 13:00,2024-08-01 10:00,2024-08-01,2024,8,1,10,419.6815525361288,-46.72192170379234,232.80955021933576,61.06102964355572,21.405183255474853,0.2182474248817977,0.0351797498823508,372.9596308323364,79.08905096944494
CAA01,Caatinga_Bahia,Caatinga,-40.5,-10.5,30,2024-08-01 14:00,2024-08-01 11:00,2024-08-01,2024,8,1,11,497.7935647277769,-45.45493196794471,297.06953668888514,67.0295899086576,22.611868276222847,0.218037197313193,0.0493723211907014,452.3386327598322,88.23950616228946
CAA01,Caatinga_Bahia,Caatinga,-40.5,-10.5,30,2024-08-01 15:00,2024-08-01 12:00,2024-08-01,2024,8,1,12,546.0425127708465,-62.09120183634327,325.1793145046431,76.15993391443061,23.421296878359,0.2178371900820239,0.0565938512762679,483.9513109345033,82.61206251542956
CAA01,Caatinga_Bahia,Caatinga,-40.5,-10.5,30,2024-08-01 16:00,2024-08-01 13:00,2024-08-01,2024,8,1,13,489.3345073016961,-74.69062458459146,290.93394519455376,71.14213809605198,23.662269316109192,0.2176103319719987,0.0402939270777764,414.6438827171046,52.56779942649885
CAA01,Caatinga_Bahia,Caatinga,-40.5,-10.5,30,2024-08-01 17:00,2024-08-01 14:00,2024-08-01,2024,8,1,14,516.3504269925371,-84.78766545129989,301.29171746520063,74.09670939440554,24.25596820659832,0.2172360913282052,0.0300791275089648,431.56276154123725,56.17433468163108
CAA01,Caatinga_Bahia,Caatinga,-40.5,-10.5,30,2024-08-01 18:00,2024-08-01 15:00,2024-08-01,2024,8,1,15,379.7633893541465,-89.11657731821722,216.49499287871035,56.03589414914831,24.12581230063173,0.2168066858980436,0.0034081204449737,290.6468120359293,18.115925008070654
CAA01,Caatinga_Bahia,Caatinga,-40.5,-10.5,30,2024-08-01 19:00,2024-08-01 16:00,2024-08-01,2024,8,1,16,284.57961269678515,-86.7957556637992,149.62184166049494,43.12597504700052,24.14563547309457,0.2163995649239647,0.0,197.78385703298596,5.036040325490504
CAA01,Caatinga_Bahia,Caatinga,-40.5,-10.5,30,2024-08-01 20:00,2024-08-01 17:00,2024-08-01,2024,8,1,17,111.28637061091176,-64.5010116979054,58.64398583338082,22.30875785715643,23.12249006246265,0.2161657672074285,2.964442254253747e-06,46.78535891300636,-34.167384777530884
CAA01,Caatinga_Bahia,Caatinga,-40.5,-10.5,30,2024-08-01 21:00,2024-08-01 18:00,2024-08-01,2024,8,1,18,15.917595472758697,-71.74351763231357,-8.10413547541731,7.87367990277066,21.841372556528327,0.2160655979905612,0.0007538189543269474,-55.82592215955487,-55.59546658690822
CAA01,Caatinga_Bahia,Caatinga,-40.5,-10.5,30,2024-08-01 22:00,2024-08-01 19:00,2024-08-01,2024,8,1,19,0.0,-71.39596265595628,-24.190297195161328,4.704102052830477,20.842192087285955,0.2160060023919188,0.0015680116784815,-71.39596265595628,-51.90976751362543
CAA01,Caatinga_Bahia,Caatinga,-40.5,-10.5,30,2024-08-01 23:00,2024-08-01 20:00,2024-08-01,2024,8,1,20,0.0,-60.02645079663496,-22.13629597979453,3.888334377789172,20.12324313364405,0.2159948406046709,0.0058671915109413,-60.02645079663496,-41.77848919462961
CAA01,Caatinga_Bahia,Caatinga,-40.5,-10.5,30,2024-08-02 00:00,2024-08-01 21:00,2024-08-01,2024,8,1,21,0.0,-41.8378265823506,-13.518264494198524,4.012346797318599,19.641362991293924,0.2159823644387378,0.0038425742286104,-41.8378265823506,-32.331908885470675
CAA01,Caatinga_Bahia,Caatinga,-40.5,-10.5,30,2024-08-02 01:00,2024-08-01 22:00,2024-08-01,2024,8,1,22,0.0,-51.78992647268274,-17.064715326439927,2.755790308874077,18.93034287059724,0.2160174171449058,0.0076916987540232,-51.78992647268274,-37.48100145511689
CAA01,Caatinga_Bahia,Caatinga,-40.5,-10.5,30,2024-08-02 02:00,2024-08-01 23:00,2024-08-01,2024,8,1,23,0.0,-41.22533220816957,-10.46611534827855,2.3177505625818955,18.46502025906115,0.2161652143338546,0.0206228721918071,-41.22533220816957,-33.07696742247291
CAA01,Caatinga_Bahia,Caatinga,-40.5,-10.5,30,2024-08-02 03:00,2024-08-02 00:00,2024-08-02,2024,8,2,0,0.0,-44.69116314400198,-11.219218747032798,1.7991593317381651,17.94665402321304,0.2163194451978361,0.0203224066138736,-44.69116314400198,-35.27110372870735
CAA01,Caatinga_Bahia,Caatinga,-40.5,-10.5,30,2024-08-02 04:00,2024-08-02 01:00,2024-08-02,2024,8,2,1,0.0,-27.58915075058395,-3.1424435044341914,2.210540126094306,17.806086323864772,0.2168982986139856,0.0726325764368383,-27.58915075058395,-26.657247372244065
CAA01,Caatinga_Bahia,Caatinga,-40.5,-10.5,30,2024-08-02 05:00,2024-08-02 02:00,2024-08-02,2024,8,2,2,0.0,-22.40333649043849,-1.584526576653564,4.196580736436318,17.678253172785,0.2173318897143651,0.0556633016468622,-22.40333649043849,-25.015390650221246
CAA01,Caatinga_Bahia,Caatinga,-40.5,-10.5,30,2024-08-02 06:00,2024-08-02 03:00,2024-08-02,2024,8,2,3,0.0,-16.691734152756418,0.3256938035283622,5.817153715414269,17.614009524280064,0.2180425513200201,0.0889605308186191,-16.691734152756418,-22.83458167169905
CAA01,Caatinga_Bahia,Caatinga,-40.5,-10.5,30,2024-08-02 07:00,2024-08-02 04:00,2024-08-02,2024,8,2,4,0.0,-20.588487461782417,-6.764229571393306,11.926433230786763,17.472280949508026,0.2188554736737043,0.1007888031258499,-20.588487461782417,-25.750691121175876
CAA01,Caatinga_Bahia,Caatinga,-40.5,-10.5,30,2024-08-02 08:00,2024-08-02 05:00,2024-08-02,2024,8,2,5,0.0,-15.63347509447578,-4.561869148673543,11.95033337131355,17.416682173031845,0.2190808009498243,0.0293454773873065,-15.63347509447578,-23.021939317115788
CAA01,Caatinga_Bahia,Caatinga,-40.5,-10.5,30,2024-08-02 09:00,2024-08-02 06:00,2024-08-02,2024,8,2,6,0.0,-14.455104540534387,-3.425070168442242,10.741351430904505,17.403745502529976,0.220038690927232,0.1168113868474104,-14.455104540534387,-21.77138580299665
CAA01,Caatinga_Bahia,Caatinga,-40.5,-10.5,30,2024-08-02 10:00,2024-08-02 07:00,2024-08-02,2024,8,2,7,26.49770960329669,-12.34911757724226,-1.196585389012324,26.11664060274597,17.805462254778696,0.2214330198255039,0.170604046481916,14.14859202605443,-10.771463187679217
CAA01,Caatinga_Bahia,Caatinga,-40.5,-10.5,30,2024-08-02 11:00,2024-08-02 08:00,2024-08-02,2024,8,2,8,124.44515277540408,-20.179473784158464,22.04385859966958,70.78949144495719,18.525746692793764,0.2238124938036433,0.2891719646890681,104.26567899124562,11.432328946618853
CAA01,Caatinga_Bahia,Caatinga,-40.5,-10.5,30,2024-08-02 12:00,2024-08-02 09:00,2024-08-02,2024,8,2,9,251.00801002677616,-37.97274050969445,50.59041982377184,135.92464535976762,19.471669638240456,0.225264016429984,0.2048029245178713,213.0352695170817,26.52020433354224
CAA01,Caatinga_Bahia,Caatinga,-40.5,-10.5,30,2024-08-02 13:00,2024-08-02 10:00,2024-08-02,2024,8,2,10,394.53560122676106,-37.94571773106213,159.70369029985383,136.2016743576597,20.578644799216374,0.2270170742172479,0.3211368578883283,356.5898834956989,60.6845188381854
CAA01,Caatinga_Bahia,Caatinga,-40.5,-10.5,30,2024-08-02 14:00,2024-08-02 11:00,2024-08-02,2024,8,2,11,467.69295818378646,-45.28197012856303,180.2331624223781,181.82519388898396,21.64500920294577,0.2266652249531998,0.1486509763324512,422.4109880552234,60.352631743861366
CAA01,Caatinga_Bahia,Caatinga,-40.5,-10.5,30,2024-08-02 15:00,2024-08-02 12:00,2024-08-02,2024,8,2,12,573.0170343151219,-61.45629351108074,303.42123905695144,120.95939677927808,22.759456132110696,0.2267425568404106,0.1530618779456752,511.5607408040412,87.18010496781167
CAA01,Caatinga_Bahia,Caatinga,-40.5,-10.5,30,2024-08-02 16:00,2024-08-02 13:00,2024-08-02,2024,8,2,13,467.1623068231452,-57.97877224216186,251.45406967469955,109.364058850339,23.21527155053209,0.2268590645145461,0.1266949723019924,409.1835345809833,48.36540605594473
CAA01,Caatinga_Bahia,Caatinga,-40.5,-10.5,30,2024-08-02 17:00,2024-08-02 14:00,2024-08-02,2024,8,2,14,434.7328003760043,-55.16560735107011,242.9214875899657,94.08827617311384,23.52091095800016,0.2269930659430881,0.1065973174239494,379.5671930249342,42.55742926185469
CAA01,Caatinga_Bahia,Caatinga,-40.5,-10.5,30,2024-08-02 18:00,2024-08-02 15:00,2024-08-02,2024,8,2,15,297.3863944434951,-61.80652338631577,158.57840976851062,68.43982196775482,23.347394184274915,0.2269686743084783,0.0525714469514246,235.5798710571793,8.561639320913855
CAA01,Caatinga_Bahia,Caatinga,-40.5,-10.5,30,2024-08-02 19:00,2024-08-02 16:00,2024-08-02,2024,8,2,16,207.2318560929756,-49.20919263563685,110.66633832773124,48.8801801211569,23.22879561269578,0.2272545412409471,0.0814442511522511,158.02266345733875,-1.5238549915493849
CAA01,Caatinga_Bahia,Caatinga,-40.5,-10.5,30,2024-08-02 20:00,2024-08-02 17:00,2024-08-02,2024,8,2,17,132.57709536831317,-67.32774093697184,47.44892838830972,39.80017679788831,22.51880661946979,0.2270163518305498,0.0032653229559737,65.24935443134133,-21.9997507548567
CAA01,Caatinga_Bahia,Caatinga,-40.5,-10.5,30,2024-08-02 21:00,2024-08-02 18:00,2024-08-02,2024,8,2,18,16.158152357621685,-64.01690632180635,-12.804893180652885,11.98788725573976,21.430620475720826,0.2268861813986124,0.0001894237852121007,-47.85875396418466,-47.04174803927154
CAA01,Caatinga_Bahia,Caatinga,-40.5,-10.5,30,2024-08-02 22:00,2024-08-02 19:00,2024-08-02,2024,8,2,19,0.0,-62.73692388765456,-26.262589490875264,6.81085768814448,20.70429533842876,0.2267835659769698,7.23232226256855e-05,-62.73692388765456,-43.28519208492378
CAA01,Caatinga_Bahia,Caatinga,-40.5,-10.5,30,2024-08-02 23:00,2024-08-02 20:00,2024-08-02,2024,8,2,20,0.0,-67.48503123872466,-32.25131772346609,4.840029814466664,20.022045355473956,0.2267019858300799,0.00015178759308721938,-67.48503123872466,-40.07374332972523
CAA01,Caatinga_Bahia,Caatinga,-40.5,-10.5,30,2024-08-03 00:00,2024-08-02 21:00,2024-08-02,2024,8,2,21,0.0,-59.63900586794283,-29.21603695474659,3.9683733075067895,19.49731369840044,0.2266261873846685,0.00014857356720674838,-59.63900586794283,-34.39134222070303
CAA01,Caatinga_Bahia,Caatinga,-40.5,-10.5,30,2024-08-03 01:00,2024-08-02 22:00,2024-08-02,2024,8,2,22,0.0,-56.4257768852428,-25.84879200374106,2.954002924476349,18.8874242808346,0.2265860179900471,0.0029655771593908,-56.4257768852428,-33.530987805978086
CAA01,Caatinga_Bahia,Caatinga,-40.5,-10.5,30,2024-08-03 02:00,2024-08-02 23:00,2024-08-02,2024,8,2,23,0.0,-43.1272186378397,-16.722461034675938,2.5825937399115078,18.47799655390775,0.2266534372713398,0.015361005336255,-43.1272186378397,-28.987351343075268
CAA01,Caatinga_Bahia,Caatinga,-40.5,-10.5,30,2024-08-03 03:00,2024-08-03 00:00,2024-08-03,2024,8,3,0,0.0,-50.45339678402553,-18.23401044930592,1.8969554112307496,17.897023219667844,0.2268162976572848,0.025221037291152,-50.45339678402553,-34.11634174595036
CAA01,Caatinga_Bahia,Caatinga,-40.5,-10.5,30,2024-08-03 04:00,2024-08-03 01:00,2024-08-03,2024,8,3,1,0.0,-25.09571944017168,-5.047926660210032,3.4763449030555096,17.80321095880131,0.2272726947925903,0.0624146202327328,-25.09571944017168,-23.52413768301716
CAA01,Caatinga_Bahia,Caatinga,-40.5,-10.5,30,2024-08-03 05:00,2024-08-03 02:00,2024-08-03,2024,8,3,2,0.0,-17.153792371674367,-2.24982372433962,6.483784300879245,17.748216653086175,0.2288462694761713,0.1968350780354547,-17.153792371674367,-21.387752948213993
CAA01,Caatinga_Bahia,Caatinga,-40.5,-10.5,30,2024-08-03 06:00,2024-08-03 03:00,2024-08-03,2024,8,3,3,0.0,-7.553042998347863,0.0399420327009629,13.403159241535167,17.61996309902707,0.2302314368420596,0.1746693384421216,-7.553042998347863,-20.996144272583994
CAA01,Caatinga_Bahia,Caatinga,-40.5,-10.5,30,2024-08-03 07:00,2024-08-03 04:00,2024-08-03,2024,8,3,4,0.0,-3.8991112155566943,-15.655905780588316,34.29259328889649,17.615851422591717,0.2317572531588484,0.1901826416808425,-3.8991112155566943,-22.53579872386487
CAA01,Caatinga_Bahia,Caatinga,-40.5,-10.5,30,2024-08-03 08:00,2024-08-03 05:00,2024-08-03,2024,8,3,5,0.0,-11.546759979300784,-15.25736602480108,28.85487770371637,17.391181476640636,0.2333098029992536,0.1900772384406562,-11.546759979300784,-25.144271658216073
CAA01,Caatinga_Bahia,Caatinga,-40.5,-10.5,30,2024-08-03 09:00,2024-08-03 06:00,2024-08-03,2024,8,3,6,0.0,-19.79949135000665,-10.42116993296493,17.03552887445641,17.11550277582177,0.2344104099876758,0.1335116512366715,-19.79949135000665,-26.413850291498132
CAA01,Caatinga_Bahia,Caatinga,-40.5,-10.5,30,2024-08-03 10:00,2024-08-03 07:00,2024-08-03,2024,8,3,7,28.362509257676763,-8.109706697810442,-3.0768511555479607,35.01042006114815,17.494731262446987,0.2351634863848727,0.0972016777386728,20.25280255986632,-11.680766345733872
CAA01,Caatinga_Bahia,Caatinga,-40.5,-10.5,30,2024-08-03 11:00,2024-08-03 08:00,2024-08-03,2024,8,3,8,155.22698085797305,-27.49087183577357,11.68398246263697,105.20399941130675,18.374195713948836,0.2360269601600555,0.1168069035055428,127.73610902219947,10.848127148255742
CAA01,Caatinga_Bahia,Caatinga,-40.5,-10.5,30,2024-08-03 12:00,2024-08-03 09:00,2024-08-03,2024,8,3,9,251.69479376744724,-30.926553912911388,45.34776139881123,140.886115383885,19.625213298624868,0.2360121342814329,0.0623221698733929,220.76823985453586,34.534363071839635
CAA01,Caatinga_Bahia,Caatinga,-40.5,-10.5,30,2024-08-03 13:00,2024-08-03 10:00,2024-08-03,2024,8,3,10,450.2604954518697,-51.66708316716993,217.81619647163828,88.51979661596312,21.42750790703098,0.2352511455331822,0.0257615380115212,398.59341228469975,92.25741919709836
CAA01,Caatinga_Bahia,Caatinga,-40.5,-10.5,30,2024-08-03 14:00,2024-08-03 11:00,2024-08-03,2024,8,3,11,531.7935423194516,-59.04978621887997,301.1698619894036,78.73429603676489,22.606831235466757,0.2343590631584411,0.0021907202791218,472.74375610057166,92.83959807440316
CAA01,Caatinga_Bahia,Caatinga,-40.5,-10.5,30,2024-08-03 15:00,2024-08-03 12:00,2024-08-03,2024,8,3,12,681.1900418731844,-85.62073187869123,392.851915721909,88.02958202776355,23.93506701098941,0.233344607955471,0.0015964922263589,595.5693099944932,114.68781224482066
CAA01,Caatinga_Bahia,Caatinga,-40.5,-10.5,30,2024-08-03 16:00,2024-08-03 13:00,2024-08-03,2024,8,3,13,597.9203199832888,-103.5683107825823,344.1774577944892,82.95899893655408,24.401830611867087,0.2324251322598769,0.0061676519953314,494.35200920070645,67.21555246966315
CAA01,Caatinga_Bahia,Caatinga,-40.5,-10.5,30,2024-08-03 17:00,2024-08-03 14:00,2024-08-03,2024,8,3,14,442.80492935680536,-77.62734252454472,261.2482538597392,71.11728023699655,24.48960801253177,0.2316198145257288,0.0023507599589391,365.17758683226066,32.81205273552493
CAA01,Caatinga_Bahia,Caatinga,-40.5,-10.5,30,2024-08-03 18:00,2024-08-03 15:00,2024-08-03,2024,8,3,15,314.7930964317591,-62.68558646195333,183.24592415351603,59.07736255910672,24.31331736255441,0.2309369243855885,0.0015933543910227,252.1075099698058,9.784223257183044
CAA01,Caatinga_Bahia,Caatinga,-40.5,-10.5,30,2024-08-03 19:00,2024-08-03 16:00,2024-08-03,2024,8,3,16,236.3801497369871,-71.66560706621851,119.64930496211478,47.34762462257164,24.011164696614724,0.2303673263860144,3.27105108266171e-05,164.7145426707686,-2.2823869139178257
CAA01,Caatinga_Bahia,Caatinga,-40.5,-10.5,30,2024-08-03 20:00,2024-08-03 17:00,2024-08-03,2024,8,3,17,118.1285257031087,-59.40286631914772,51.18790102356674,31.10972711217456,23.353190456058552,0.2299615667327167,0.0,58.72565938396099,-23.57196875178031
CAA01,Caatinga_Bahia,Caatinga,-40.5,-10.5,30,2024-08-03 21:00,2024-08-03 18:00,2024-08-03,2024,8,3,18,15.344300689340862,-69.44025627148257,-16.73908961431095,12.586099052393706,22.23079324662637,0.22973962450329,0.0,-54.095955582141706,-49.94296502022446
CAA01,Caatinga_Bahia,Caatinga,-40.5,-10.5,30,2024-08-03 22:00,2024-08-03 19:00,2024-08-03,2024,8,3,19,0.0,-64.06711317153763,-29.000192179874293,8.557639150002855,21.475144378239666,0.2295655840748376,0.0,-64.06711317153763,-43.624560141666194
CAA01,Caatinga_Bahia,Caatinga,-40.5,-10.5,30,2024-08-03 23:00,2024-08-03 20:00,2024-08-03,2024,8,3,20,0.0,-62.74521848117133,-32.1595393000247,7.508882242351737,20.811950335700697,0.2294157683757652,0.0005716534684487153,-62.74521848117133,-38.09456142349837
CAA01,Caatinga_Bahia,Caatinga,-40.5,-10.5,30,2024-08-04 00:00,2024-08-03 21:00,2024-08-03,2024,8,3,21,0.0,-63.925261446286505,-32.21331833114948,6.238341404128452,20.023874018722456,0.2293678170248008,0.0104715051538535,-63.925261446286505,-37.95028451926548
CAA01,Caatinga_Bahia,Caatinga,-40.5,-10.5,30,2024-08-04 01:00,2024-08-03 22:00,2024-08-03,2024,8,3,22,0.0,-49.24381003840751,-23.703277359995443,6.605013411762474,19.40010087386992,0.229565046848629,0.0389781447073024,-49.24381003840751,-32.14554609017454
CAA01,Caatinga_Bahia,Caatinga,-40.5,-10.5,30,2024-08-04 02:00,2024-08-03 23:00,2024-08-03,2024,8,3,23,0.0,-43.88394108200878,-19.028533180462983,8.828273728137646,18.675675431041128,0.2298335608529793,0.0452968253577556,-43.88394108200878,-33.68368162968345
CAA01,Caatinga_Bahia,Caatinga,-40.5,-10.5,30,2024-08-04 03:00,2024-08-04 00:00,2024-08-04,2024,8,4,0,0.0,-38.37428012068214,-13.110772541256006,8.601324512429025,18.027118046143983,0.2302928501429711,0.0655273393552907,-38.37428012068214,-33.864832091855156
CAA01,Caatinga_Bahia,Caatinga,-40.5,-10.5,30,2024-08-04 04:00,2024-08-04 01:00,2024-08-04,2024,8,4,1,0.0,-46.7614584520215,-14.86167070206423,6.412895919975694,17.38955033530011,0.2307166746795087,0.0589395031381358,-46.7614584520215,-38.312683669932966
CAA01,Caatinga_Bahia,Caatinga,-40.5,-10.5,30,2024-08-04 05:00,2024-08-04 02:00,2024-08-04,2024,8,4,2,0.0,-22.47991485311154,-4.172932119865551,9.752183078865915,17.22046870556151,0.2314875890731486,0.1001444520593362,-22.47991485311154,-28.059165812111907
CAA01,Caatinga_Bahia,Caatinga,-40.5,-10.5,30,2024-08-04 06:00,2024-08-04 03:00,2024-08-04,2024,8,4,3,0.0,-35.4757941662394,-11.238165460794928,8.682285031998331,16.92932511119229,0.2318987470674751,0.0560405371108028,-35.4757941662394,-32.919913737442805
CAA01,Caatinga_Bahia,Caatinga,-40.5,-10.5,30,2024-08-04 07:00,2024-08-04 04:00,2024-08-04,2024,8,4,4,0.0,-50.73927457794491,-18.27731821720884,4.937414022294385,16.532495458821664,0.2321526751194708,0.0356367394936795,-50.73927457794491,-37.39937038303045
CAA01,Caatinga_Bahia,Caatinga,-40.5,-10.5,30,2024-08-04 08:00,2024-08-04 05:00,2024-08-04,2024,8,4,5,0.0,-31.766584368294133,-14.387946409920437,10.83704324047172,16.567613531858232,0.2324909268230724,0.0469353520509586,-31.766584368294133,-28.215681198845417
CAA01,Caatinga_Bahia,Caatinga,-40.5,-10.5,30,2024-08-04 09:00,2024-08-04 06:00,2024-08-04,2024,8,4,6,0.0,-40.55906333675158,-17.94160077099832,8.888540942668872,16.352047749833787,0.2325456926016253,0.0123289676226829,-40.55906333675158,-31.50600350842213
CAA01,Caatinga_Bahia,Caatinga,-40.5,-10.5,30,2024-08-04 10:00,2024-08-04 07:00,2024-08-04,2024,8,4,7,50.88104606999756,-40.845630898801744,0.0810783531779939,20.719384340758467,16.81933805145908,0.2328247190275634,0.0428707197046223,10.035415171195815,-10.765047522740645
CAA01,Caatinga_Bahia,Caatinga,-40.5,-10.5,30,2024-08-04 11:00,2024-08-04 08:00,2024-08-04,2024,8,4,8,202.09624109838776,-60.56377048557705,36.24564276761808,75.97173275223611,18.29364737779786,0.2327791773708555,0.0220902087117561,141.5324706128107,29.31509509295651
CAA01,Caatinga_Bahia,Caatinga,-40.5,-10.5,30,2024-08-04 12:00,2024-08-04 09:00,2024-08-04,2024,8,4,9,337.39818938832883,-55.93035245637023,154.22343417079702,61.12977867031278,19.75152633424461,0.2322355018397964,0.0030998668391935,281.4678369319586,66.11462409084876
CAA01,Caatinga_Bahia,Caatinga,-40.5,-10.5,30,2024-08-04 13:00,2024-08-04 10:00,2024-08-04,2024,8,4,10,529.9057713781124,-78.34016435936879,287.2960073776563,61.59703754343988,21.377841709145468,0.2315317824485464,0.0002152225824935358,451.5656070187436,102.67256209764744
CAA01,Caatinga_Bahia,Caatinga,-40.5,-10.5,30,2024-08-04 14:00,2024-08-04 11:00,2024-08-04,2024,8,4,11,693.1581291896923,-101.42393707628328,385.8631187926092,83.14512713876073,23.140129316503085,0.230587343989509,0.0,591.734192113409,122.72594618203905
CAA01,Caatinga_Bahia,Caatinga,-40.5,-10.5,30,2024-08-04 15:00,2024-08-04 12:00,2024-08-04,2024,8,4,12,769.3002599745536,-123.6450062192598,432.4191211378874,97.23906549687617,24.42947178698673,0.2294870629878641,0.0,645.6552537552938,115.99706712053022
CAA01,Caatinga_Bahia,Caatinga,-40.5,-10.5,30,2024-08-04 16:00,2024-08-04 13:00,2024-08-04,2024,8,4,13,752.1927479633114,-124.83069385100362,432.3287367781388,101.08116276419987,25.309626089098376,0.2283453842734214,0.0,627.3620541123078,93.95215456996907
CAA01,Caatinga_Bahia,Caatinga,-40.5,-10.5,30,2024-08-04 17:00,2024-08-04 14:00,2024-08-04,2024,8,4,14,620.0815279439414,-116.28100799483474,358.0000545016049,90.38952182912706,25.629340825841265,0.2273260653477371,0.0,503.8005199491067,55.410943618374716
CAA01,Caatinga_Bahia,Caatinga,-40.5,-10.5,30,2024-08-04 18:00,2024-08-04 15:00,2024-08-04,2024,8,4,15,474.1632283180464,-113.79273747127748,260.47538350519386,75.21887626046832,25.57510216269124,0.226476251722462,3.6979125027289015e-06,360.3704908467689,24.676231081106735
CAA01,Caatinga_Bahia,Caatinga,-40.5,-10.5,30,2024-08-04 19:00,2024-08-04 16:00,2024-08-04,2024,8,4,16,264.0410620216868,-93.86873440437536,133.2376556713952,51.90542509352628,25.06111057029183,0.2258708838458103,3.3821128124132103e-06,170.17232761731145,-14.970753147610033
CAA01,Caatinga_Bahia,Caatinga,-40.5,-10.5,30,2024-08-04 20:00,2024-08-04 17:00,2024-08-04,2024,8,4,17,125.765484247707,-86.8036473822139,47.1955056115764,30.776727529956904,24.00322754448696,0.2254784244530182,0.0,38.9618368654931,-39.01039627604021
CAA01,Caatinga_Bahia,Caatinga,-40.5,-10.5,30,2024-08-04 21:00,2024-08-04 18:00,2024-08-04,2024,8,4,18,16.393551719554114,-81.28736141970036,-18.17934389183236,12.859363546592236,22.66332940163727,0.225264185943108,0.0,-64.89380970014625,-59.573829354906124
CAA01,Caatinga_Bahia,Caatinga,-40.5,-10.5,30,2024-08-04 22:00,2024-08-04 19:00,2024-08-04,2024,8,4,19,0.0,-70.76076477905013,-29.011574659602356,8.410559448527316,21.747253508201915,0.2251012421045482,0.0,-70.76076477905013,-50.15974956797509
CAA01,Caatinga_Bahia,Caatinga,-40.5,-10.5,30,2024-08-04 23:00,2024-08-04 20:00,2024-08-04,2024,8,4,20,0.0,-65.08142834083444,-30.72928008507569,7.276853719212292,21.040595283567008,0.2249588719434646,0.0,-65.08142834083444,-41.62900197497104
CAA01,Caatinga_Bahia,Caatinga,-40.5,-10.5,30,2024-08-05 00:00,2024-08-04 21:00,2024-08-04,2024,8,4,21,0.0,-71.56425065041117,-35.403386125828455,6.140913898858695,20.236404037149622,0.2248367338257149,0.0,-71.56425065041117,-42.301778423441405
CAA01,Caatinga_Bahia,Caatinga,-40.5,-10.5,30,2024-08-05 01:00,2024-08-04 22:00,2024-08-04,2024,8,4,22,0.0,-76.10101927614464,-37.43281899817696,5.007422971381913,19.389528100394028,0.2247372609166034,0.0,-76.10101927614464,-43.67562324934959
CAA01,Caatinga_Bahia,Caatinga,-40.5,-10.5,30,2024-08-05 02:00,2024-08-04 23:00,2024-08-04,2024,8,4,23,0.0,-76.28281990614143,-35.8083751234357,3.8963971733227,18.576684502507277,0.2246543924699705,0.0,-76.28281990614143,-44.37084195602842
CAA01,Caatinga_Bahia,Caatinga,-40.5,-10.5,30,2024-08-05 03:00,2024-08-05 00:00,2024-08-05,2024,8,5,0,0.0,-74.78396897966164,-32.564070030763986,2.774816389411118,17.819981583259697,0.2245934381584411,0.0,-74.78396897966164,-44.994715338308765
CAA01,Caatinga_Bahia,Caatinga,-40.5,-10.5,30,2024-08-05 04:00,2024-08-05 01:00,2024-08-05,2024,8,5,1,0.0,-73.61154864315692,-29.728750925767688,1.7325656345543974,17.135081403436004,0.224551623182569,0.0001674731599634641,-73.61154864315692,-45.615363351943635
CAA01,Caatinga_Bahia,Caatinga,-40.5,-10.5,30,2024-08-05 05:00,2024-08-05 02:00,2024-08-05,2024,8,5,2,0.0,-70.5863305180501,-27.210835849522407,0.9895480829487838,16.612337264271428,0.2245252782351909,0.0005551121862825831,-70.5863305180501,-44.36504275147648
CAA01,Caatinga_Bahia,Caatinga,-40.5,-10.5,30,2024-08-05 06:00,2024-08-05 03:00,2024-08-05,2024,8,5,3,0.0,-59.89766616342888,-22.060077147306263,0.7718742285269378,16.361790289754186,0.2245373606090973,0.0048886428753793,-59.89766616342888,-38.60946324464956
CAA01,Caatinga_Bahia,Caatinga,-40.5,-10.5,30,2024-08-05 07:00,2024-08-05 04:00,2024-08-05,2024,8,5,4,0.0,-51.03041505250766,-17.003397092614755,1.044229523918039,16.1297189731106,0.224555688889653,0.0057512701036501,-51.03041505250766,-35.07124748381094
CAA01,Caatinga_Bahia,Caatinga,-40.5,-10.5,30,2024-08-05 08:00,2024-08-05 05:00,2024-08-05,2024,8,5,5,0.0,-50.20384390607496,-17.197923194515663,1.1237958848439968,16.04851425867209,0.2245725045915629,0.0058517020454856,-50.20384390607496,-34.1297165964033
CAA01,Caatinga_Bahia,Caatinga,-40.5,-10.5,30,2024-08-05 09:00,2024-08-05 06:00,2024-08-05,2024,8,5,6,0.0,-46.72317189369341,-17.1649754552878,1.067341242712547,16.0655659489297,0.2245977124970624,0.0067889063893332,-46.72317189369341,-30.62553768111816
CAA01,Caatinga_Bahia,Caatinga,-40.5,-10.5,30,2024-08-05 10:00,2024-08-05 07:00,2024-08-05,2024,8,5,7,51.03077356197424,-39.50195346474488,8.048215024971991,5.526533735923586,16.86260798716218,0.2249169969860254,0.0464785223312,11.528820097229364,-2.0459286636662135
CAA01,Caatinga_Bahia,Caatinga,-40.5,-10.5,30,2024-08-05 11:00,2024-08-05 08:00,2024-08-05,2024,8,5,8,182.91319337625103,-44.58826838717029,61.91571934522115,31.86969425929092,18.70614693810689,0.2253070414687727,0.0730311181927884,138.32492498908073,44.539511384568655
CAA01,Caatinga_Bahia,Caatinga,-40.5,-10.5,30,2024-08-05 12:00,2024-08-05 09:00,2024-08-05,2024,8,5,9,301.4061278224046,-45.6896301202074,128.50293397140092,68.6611088322984,20.31105280543493,0.2251212420452967,0.0517687172466741,255.7164977021972,58.55245489849787
CAA01,Caatinga_Bahia,Caatinga,-40.5,-10.5,30,2024-08-05 13:00,2024-08-05 10:00,2024-08-05,2024,8,5,10,349.1381617577243,-37.60625548339316,185.93887782715208,59.359563607360585,21.39333024586479,0.2253017474435127,0.0911764514036738,311.5319062743311,66.23346483981844
CAA01,Caatinga_Bahia,Caatinga,-40.5,-10.5,30,2024-08-05 14:00,2024-08-05 11:00,2024-08-05,2024,8,5,11,360.0047030896904,-35.476926261417816,193.6776428530736,76.28298211132002,22.08216344572261,0.225666338878704,0.1237683954493161,324.5277768282726,54.56715186387896
CAA01,Caatinga_Bahia,Caatinga,-40.5,-10.5,30,2024-08-05 15:00,2024-08-05 12:00,2024-08-05,2024,8,5,12,405.27392658424975,-43.5520565810213,212.98191092690703,93.92235277920209,22.736777020788416,0.2263289291702608,0.174709551967203,361.72187000322845,54.817606297119326
CAA01,Caatinga_Bahia,Caatinga,-40.5,-10.5,30,2024-08-05 16:00,2024-08-05 13:00,2024-08-05,2024,8,5,13,466.2164697392662,-49.408442763820055,232.10518857175424,121.19438263164896,23.671360448388423,0.2266710066546784,0.1576734244202044,416.8080269754461,63.50845577204292
CAA01,Caatinga_Bahia,Caatinga,-40.5,-10.5,30,2024-08-05 17:00,2024-08-05 14:00,2024-08-05,2024,8,5,14,364.24540458421177,-53.538514736322405,183.045072257354,94.89229134620872,23.75274312552828,0.2266829403786145,0.0734012379766101,310.7068898478894,32.769526244326656
CAA01,Caatinga_Bahia,Caatinga,-40.5,-10.5,30,2024-08-05 18:00,2024-08-05 15:00,2024-08-05,2024,8,5,15,278.088651512562,-48.473187821644935,148.66158890218205,63.59011640935075,23.667073983058984,0.2266236055693939,0.0516673633734847,229.6154636909171,17.3637583793843
CAA01,Caatinga_Bahia,Caatinga,-40.5,-10.5,30,2024-08-05 19:00,2024-08-05 16:00,2024-08-05,2024,8,5,16,177.20265681080167,-44.908572038967726,100.44482044854637,40.00265690575211,22.94809887223808,0.2264761500145876,0.0240763850221061,132.29408477183395,-8.153392582464527
CAA01,Caatinga_Bahia,Caatinga,-40.5,-10.5,30,2024-08-05 20:00,2024-08-05 17:00,2024-08-05,2024,8,5,17,105.60739911506109,-49.167237081980296,54.81904973508802,26.80610664843617,22.089817808233096,0.2262992643735447,0.0091488851153775,56.44016203308079,-25.184994350443404
CAA01,Caatinga_Bahia,Caatinga,-40.5,-10.5,30,2024-08-05 21:00,2024-08-05 18:00,2024-08-05,2024,8,5,18,13.944377599270783,-55.23833238382804,-3.5607916975255907,10.553738962000804,21.042114684464025,0.2261831244124936,0.0014719780113651,-41.29395478455726,-48.28690204903248
CAA01,Caatinga_Bahia,Caatinga,-40.5,-10.5,30,2024-08-05 22:00,2024-08-05 19:00,2024-08-05,2024,8,5,19,0.0,-53.5504027326763,-16.908411857422283,6.325360337264287,20.325158920900968,0.2260993223397309,0.0016318363239573,-53.5504027326763,-42.967351212518295
CAA01,Caatinga_Bahia,Caatinga,-40.5,-10.5,30,2024-08-05 23:00,2024-08-05 20:00,2024-08-05,2024,8,5,20,0.0,-53.71052607341578,-20.694603011830843,4.862600125334702,19.774144014010723,0.2260461369450735,0.0037544457408388,-53.71052607341578,-37.87852318691964
CAA01,Caatinga_Bahia,Caatinga,-40.5,-10.5,30,2024-08-06 00:00,2024-08-05 21:00,2024-08-05,2024,8,5,21,0.0,-53.69215884274295,-22.832445735771667,4.085633035188668,19.30843170484182,0.2259958124103719,0.0025706604146036,-53.69215884274295,-34.94534614215995
CAA01,Caatinga_Bahia,Caatinga,-40.5,-10.5,30,2024-08-06 01:00,2024-08-05 22:00,2024-08-05,2024,8,5,22,0.0,-51.74994494649539,-23.27460129085248,3.548541915911811,18.949028805589485,0.2259520441217314,0.0026019672423708,-51.74994494649539,-32.02388557155472
CAA01,Caatinga_Bahia,Caatinga,-40.5,-10.5,30,2024-08-06 02:00,2024-08-05 23:00,2024-08-05,2024,8,5,23,0.0,-57.59286342909096,-26.038094330978566,2.8494172885926443,18.448796210112175,0.2259357969407607,0.0040292697846431,-57.59286342909096,-34.40418638670504
CAA01,Caatinga_Bahia,Caatinga,-40.5,-10.5,30,2024-08-06 03:00,2024-08-06 00:00,2024-08-06,2024,8,6,0,0.0,-41.0361849351488,-16.579212219183812,3.083063958677529,18.132950602603017,0.225947493346323,0.0086414052001269,-41.0361849351488,-27.54003667464252
CAA01,Caatinga_Bahia,Caatinga,-40.5,-10.5,30,2024-08-06 04:00,2024-08-06 01:00,2024-08-06,2024,8,6,1,0.0,-62.04910328718739,-23.772207077612567,1.8607692654626944,17.288559816915004,0.2259846819178546,0.0085678786278748,-62.04910328718739,-40.13766547503752
CAA01,Caatinga_Bahia,Caatinga,-40.5,-10.5,30,2024-08-06 05:00,2024-08-06 02:00,2024-08-06,2024,8,6,2,0.0,-60.93441413148752,-21.20284296131716,1.5469611082625951,16.61211277934514,0.2259926959767829,0.0048257427080291,-60.93441413148752,-41.278532278432955
CAA01,Caatinga_Bahia,Caatinga,-40.5,-10.5,30,2024-08-06 06:00,2024-08-06 03:00,2024-08-06,2024,8,6,3,0.0,-55.82531794185231,-17.50832417060712,1.5479536736360353,16.091205359214293,0.2260043193613071,0.004820782870151,-55.82531794185231,-39.86494744488123
CAA01,Caatinga_Bahia,Caatinga,-40.5,-10.5,30,2024-08-06 07:00,2024-08-06 04:00,2024-08-06,2024,8,6,4,0.0,-63.678351065345,-19.38771767409181,1.083496031067814,15.395238757618417,0.2260393981464172,0.0074055447596359,-63.678351065345,-45.374129422321005
CAA01,Caatinga_Bahia,Caatinga,-40.5,-10.5,30,2024-08-06 08:00,2024-08-06 05:00,2024-08-06,2024,8,6,5,0.0,-53.37256224007294,-15.277788269811436,1.71968201067244,15.136042503731192,0.2260432813009061,0.0044826046969417,-53.37256224007294,-39.81445598093394
CAA01,Caatinga_Bahia,Caatinga,-40.5,-10.5,30,2024-08-06 09:00,2024-08-06 06:00,2024-08-06,2024,8,6,6,0.0,-67.50505215157904,-22.579779050114897,0.4681791811466229,14.70959262094874,0.2260987251319553,0.0091145750070877,-67.50505215157904,-45.39345228261077
CAA01,Caatinga_Bahia,Caatinga,-40.5,-10.5,30,2024-08-06 10:00,2024-08-06 07:00,2024-08-06,2024,8,6,7,50.090118213410825,-54.18102480107865,-0.6505039974173455,8.873771814884448,15.536572223377142,0.2262549145244937,0.0269504156077627,-4.090906587667824,-12.314174405134926
CAA01,Caatinga_Bahia,Caatinga,-40.5,-10.5,30,2024-08-06 11:00,2024-08-06 08:00,2024-08-06,2024,8,6,8,199.79135342486572,-61.802297660418944,69.02005630566477,26.982589965627916,17.1907725254464,0.226337256176495,0.0319279892039979,137.9890557644468,41.986409493154106
CAA01,Caatinga_Bahia,Caatinga,-40.5,-10.5,30,2024-08-06 12:00,2024-08-06 09:00,2024-08-06,2024,8,6,9,345.1850559258627,-54.71898839704516,162.0442280047096,54.659775631895805,19.15059515327661,0.2260604412448527,0.0275006316254595,290.4660675288175,73.76206389221213
CAA01,Caatinga_Bahia,Caatinga,-40.5,-10.5,30,2024-08-06 13:00,2024-08-06 10:00,2024-08-06,2024,8,6,10,431.997379555252,-55.33148906169888,232.0872057957805,59.86049431246322,20.60445861242672,0.2254990424646962,0.0084673919304479,376.6658904935531,84.71819038530937
CAA01,Caatinga_Bahia,Caatinga,-40.5,-10.5,30,2024-08-06 14:00,2024-08-06 11:00,2024-08-06,2024,8,6,11,599.8101068193472,-77.46304549079932,341.28236374598833,70.82302445925674,22.21663083715577,0.2248260675383681,0.0111025595253419,522.3470613285479,110.24167312330277
CAA01,Caatinga_Bahia,Caatinga,-40.5,-10.5,30,2024-08-06 15:00,2024-08-06 12:00,2024-08-06,2024,8,6,12,610.3942038397998,-87.82179850547867,359.64353083043727,75.90698066807197,23.178004160613604,0.2241035843482285,0.0115105345236544,522.5724053343212,87.02189383581192
CAA01,Caatinga_Bahia,Caatinga,-40.5,-10.5,30,2024-08-06 16:00,2024-08-06 13:00,2024-08-06,2024,8,6,13,535.1265281338425,-93.65248048766594,316.80597029947404,69.68095102451625,23.557746470204773,0.2234512978467223,0.0102095416704216,441.4740476461766,54.9871263221863
CAA01,Caatinga_Bahia,Caatinga,-40.5,-10.5,30,2024-08-06 17:00,2024-08-06 14:00,2024-08-06,2024,8,6,14,472.8244728346533,-81.641703744849,280.48060445507883,66.3509909986897,23.93398070830076,0.2228362103483245,0.00964744878292,391.1827690898043,44.35117363603578
CAA01,Caatinga_Bahia,Caatinga,-40.5,-10.5,30,2024-08-06 18:00,2024-08-06 15:00,2024-08-06,2024,8,6,15,447.4569619628175,-95.6868675345145,251.90432157845777,64.40322214626181,24.07853542934871,0.222280126456582,0.0135615159865832,351.77009442830297,35.46255070358339
CAA01,Caatinga_Bahia,Caatinga,-40.5,-10.5,30,2024-08-06 19:00,2024-08-06 16:00,2024-08-06,2024,8,6,16,258.61667445261025,-73.27980131601436,146.34514138134037,46.00608784823109,23.571000550119663,0.2218394131970965,0.0040391493487451,185.3368731365959,-7.014356092975561
CAA01,Caatinga_Bahia,Caatinga,-40.5,-10.5,30,2024-08-06 20:00,2024-08-06 17:00,2024-08-06,2024,8,6,17,112.56905125429655,-72.28301382479731,51.04842325148599,26.530441330067045,22.6501829051825,0.2215434458903259,0.0007784513301715714,40.286037429499245,-37.29282715205379
CAA01,Caatinga_Bahia,Caatinga,-40.5,-10.5,30,2024-08-06 21:00,2024-08-06 18:00,2024-08-06,2024,8,6,18,16.79145919975694,-78.69195113845689,-15.383243130329102,10.17033470062098,21.43391528405854,0.2213904537760973,0.0,-61.90049193869994,-56.68758350899182
CAA01,Caatinga_Bahia,Caatinga,-40.5,-10.5,30,2024-08-06 22:00,2024-08-06 19:00,2024-08-06,2024,8,6,19,0.0,-77.75137749482522,-30.50407489697869,6.032570500769101,20.495924212361736,0.2212848888260954,0.0,-77.75137749482522,-53.279873098615624
CAA01,Caatinga_Bahia,Caatinga,-40.5,-10.5,30,2024-08-06 23:00,2024-08-06 20:00,2024-08-06,2024,8,6,20,0.0,-76.34514204599407,-32.1334970280484,4.774736702178166,19.6760112182847,0.2211997984535897,0.0,-76.34514204599407,-48.98638172012383
CAA01,Caatinga_Bahia,Caatinga,-40.5,-10.5,30,2024-08-07 00:00,2024-08-06 21:00,2024-08-06,2024,8,6,21,0.0,-65.21712062515431,-28.08364799939233,4.260653639453847,19.149177016912027,0.2211211313245399,0.0,-65.21712062515431,-41.39412626521583
CAA01,Caatinga_Bahia,Caatinga,-40.5,-10.5,30,2024-08-07 01:00,2024-08-06 22:00,2024-08-06,2024,8,6,22,0.0,-62.1624323892877,-27.219469036631924,3.610510394709357,18.62291298988357,0.2210568519478842,8.300565650495297e-06,-62.1624323892877,-38.55347374736514
CAA01,Caatinga_Bahia,Caatinga,-40.5,-10.5,30,2024-08-07 02:00,2024-08-06 23:00,2024-08-06,2024,8,6,23,0.0,-58.652456388034366,-25.90757501091932,2.865506264361269,18.13012838642369,0.2210029337349519,7.63261110390217e-05,-58.652456388034366,-35.61038764147632
CAA01,Caatinga_Bahia,Caatinga,-40.5,-10.5,30,2024-08-07 03:00,2024-08-07 00:00,2024-08-07,2024,8,7,0,0.0,-59.71851693205342,-24.47238928768112,1.9976374883685604,17.557807101137417,0.2209688798522689,0.0008218012045966401,-59.71851693205342,-37.243765132740855
CAA01,Caatinga_Bahia,Caatinga,-40.5,-10.5,30,2024-08-07 04:00,2024-08-07 01:00,2024-08-07,2024,8,7,1,0.0,-55.827023467023714,-20.755983402647225,1.3355192132399023,17.08024829427031,0.2209582057412395,0.0021354909881203,-55.827023467023714,-36.406559277616395
CAA01,Caatinga_Bahia,Caatinga,-40.5,-10.5,30,2024-08-07 05:00,2024-08-07 02:00,2024-08-07,2024,8,7,2,0.0,-50.80236244041856,-16.662764769555068,0.876766364723979,16.693630665368563,0.2209641439163712,0.0029736564742502,-50.80236244041856,-35.01636403558747
CAA01,Caatinga_Bahia,Caatinga,-40.5,-10.5,30,2024-08-07 06:00,2024-08-07 03:00,2024-08-07,2024,8,7,3,0.0,-32.72284934674036,-8.194475968020665,1.0061332820600468,16.66710334794786,0.2209616116510867,0.0026377780358825,-32.72284934674036,-25.534506660779744
CAA01,Caatinga_Bahia,Caatinga,-40.5,-10.5,30,2024-08-07 07:00,2024-08-07 04:00,2024-08-07,2024,8,7,4,0.0,-47.51578013729849,-14.533916234641762,0.3283087886211285,16.36970505050221,0.2209745754932384,0.0030555249971928,-47.51578013729849,-33.310172691277856
CAA01,Caatinga_Bahia,Caatinga,-40.5,-10.5,30,2024-08-07 08:00,2024-08-07 05:00,2024-08-07,2024,8,7,5,0.0,-43.94892879184946,-12.497693414231188,-0.0400852655766345,16.165267659032335,0.2209873724301602,0.0026454387251443,-43.94892879184946,-31.41115011204164
CAA01,Caatinga_Bahia,Caatinga,-40.5,-10.5,30,2024-08-07 09:00,2024-08-07 06:00,2024-08-07,2024,8,7,6,0.0012133728327541,-24.99211867866842,-6.46463994758731,2.753270713458289,16.3626691266342,0.2211261828156379,0.0202818378141406,-24.990905305835664,-21.27953607170664
CAA01,Caatinga_Bahia,Caatinga,-40.5,-10.5,30,2024-08-07 10:00,2024-08-07 07:00,2024-08-07,2024,8,7,7,44.7296432708559,-33.7130022883078,6.896372462447067,6.492326952657668,16.971213666191908,0.2212392428536188,0.0213611723928039,11.016640982548104,-2.3720584325566305
CAA01,Caatinga_Bahia,Caatinga,-40.5,-10.5,30,2024-08-07 11:00,2024-08-07 08:00,2024-08-07,2024,8,7,8,190.37276885242795,-42.55592700203195,72.57061698854899,28.0695133785298,18.34309883645777,0.2211071217168073,0.0066631926448706,147.816841850396,47.17671148331721
CAA01,Caatinga_Bahia,Caatinga,-40.5,-10.5,30,2024-08-07 12:00,2024-08-07 09:00,2024-08-07,2024,8,7,9,358.9586589187035,-58.81779410926908,173.1851373934181,43.22439416813842,20.243531518967806,0.2207466064202767,0.0067147724120316,300.14086480943445,83.73133324787793
CAA01,Caatinga_Bahia,Caatinga,-40.5,-10.5,30,2024-08-07 13:00,2024-08-07 10:00,2024-08-07,2024,8,7,10,515.4569308190435,-68.6521517689284,276.94288777796777,57.88740728080673,22.025647717992445,0.220188295386873,0.0033199359282247,446.80477905011503,111.97448399134053
CAA01,Caatinga_Bahia,Caatinga,-40.5,-10.5,30,2024-08-07 14:00,2024-08-07 11:00,2024-08-07,2024,8,7,11,615.6892574868494,-83.06262376801689,350.47820481779013,70.40558650942862,23.427961153830065,0.2194708532562543,0.0008655942172968294,532.6266337188325,111.74284239161378
CAA01,Caatinga_Bahia,Caatinga,-40.5,-10.5,30,2024-08-07 15:00,2024-08-07 12:00,2024-08-07,2024,8,7,12,671.1863344347597,-95.93275570177944,391.5521289808011,77.99835764066923,24.51020629027425,0.2186693613029223,5.549160848619837e-05,575.2535787329803,105.70309211150992
CAA01,Caatinga_Bahia,Caatinga,-40.5,-10.5,30,2024-08-07 16:00,2024-08-07 13:00,2024-08-07,2024,8,7,13,657.2510915513019,-110.63230653829358,382.9840225792364,79.0693340169772,25.09990457715064,0.2178566710518234,0.0,546.6187850130083,84.56542841679467
CAA01,Caatinga_Bahia,Caatinga,-40.5,-10.5,30,2024-08-07 17:00,2024-08-07 14:00,2024-08-07,2024,8,7,14,641.8588583148181,-119.59448627015328,367.9555726466512,79.86028485159237,25.60182532775183,0.2170366395785042,0.0,522.2643720446648,74.44851454642124
CAA01,Caatinga_Bahia,Caatinga,-40.5,-10.5,30,2024-08-07 18:00,2024-08-07 15:00,2024-08-07,2024,8,7,15,511.96509495053095,-119.90962034030274,287.72629958791475,67.83474828614293,25.51226983090751,0.2163427962826533,0.0,392.0554746102282,36.494426736170524
CAA01,Caatinga_Bahia,Caatinga,-40.5,-10.5,30,2024-08-07 19:00,2024-08-07 16:00,2024-08-07,2024,8,7,16,352.3847092614749,-115.8268665850092,177.5202582654438,54.54831738164418,25.47855754324851,0.2157922567740157,0.0,236.55784267646567,4.489267029377686
CAA01,Caatinga_Bahia,Caatinga,-40.5,-10.5,30,2024-08-07 20:00,2024-08-07 17:00,2024-08-07,2024,8,7,17,159.60079359653625,-108.15009428587707,63.59008849389469,29.21982927894567,24.22610447188768,0.2154745683163134,0.0,51.450699310659175,-41.35921846218119
CAA01,Caatinga_Bahia,Caatinga,-40.5,-10.5,30,2024-08-07 21:00,2024-08-07 18:00,2024-08-07,2024,8,7,18,20.002330940579963,-99.90664986042276,-18.64462105243169,9.942564423935131,22.570785576183585,0.2153324172183441,0.0,-79.9043189198428,-71.20226229134624
CAA01,Caatinga_Bahia,Caatinga,-40.5,-10.5,30,2024-08-07 22:00,2024-08-07 19:00,2024-08-07,2024,8,7,19,0.0,-87.54979500180407,-32.33582407565659,5.7307951157447,21.46758104427681,0.2152359329560051,0.0,-87.54979500180407,-60.94476604189218
CAA01,Caatinga_Bahia,Caatinga,-40.5,-10.5,30,2024-08-07 23:00,2024-08-07 20:00,2024-08-07,2024,8,7,20,0.0,-77.67967640859118,-31.41803300480451,4.6265063901707215,20.66644786677594,0.2151633604757399,0.0,-77.67967640859118,-50.88814979395738
CAA01,Caatinga_Bahia,Caatinga,-40.5,-10.5,30,2024-08-08 00:00,2024-08-07 21:00,2024-08-07,2024,8,7,21,0.0,-69.83967536413532,-27.633750356064503,3.7483497597751576,19.977587977728696,0.2151134010462287,0.0012419434046871,-69.83967536413532,-45.95427476784597
CAA01,Caatinga_Bahia,Caatinga,-40.5,-10.5,30,2024-08-08 01:00,2024-08-07 22:00,2024-08-07,2024,8,7,22,0.0,-59.35481005739762,-23.80524103192238,3.203369462010293,19.44746578244591,0.2151317188952075,0.0086682144290788,-59.35481005739762,-38.75293848748553
CAA01,Caatinga_Bahia,Caatinga,-40.5,-10.5,30,2024-08-08 02:00,2024-08-07 23:00,2024-08-07,2024,8,7,23,0.0,-49.55203718144097,-19.47069052773505,2.867286551206821,18.94159954086043,0.2152043461412513,0.0137027083727217,-49.55203718144097,-32.948633204912745
CAA01,Caatinga_Bahia,Caatinga,-40.5,-10.5,30,2024-08-08 03:00,2024-08-08 00:00,2024-08-08,2024,8,8,0,0.0,-47.61398767304735,-17.340191515220575,1.8372554786456257,18.45680139437639,0.2152246381661522,0.0054429636523573,-47.61398767304735,-32.111051636472396
CAA01,Caatinga_Bahia,Caatinga,-40.5,-10.5,30,2024-08-08 04:00,2024-08-08 01:00,2024-08-08,2024,8,8,1,0.0,-24.85417883220343,-5.103524468751781,1.989902462067264,18.380395862486147,0.2153814899638216,0.0224152149817532,-24.85417883220343,-21.740556825518915
CAA01,Caatinga_Bahia,Caatinga,-40.5,-10.5,30,2024-08-08 05:00,2024-08-08 02:00,2024-08-08,2024,8,8,2,0.0,-24.942567462352127,-3.9171662014090662,2.0118704779809726,18.20509837164757,0.2155171056788837,0.0194060208552557,-24.942567462352127,-23.037271738924034
CAA01,Caatinga_Bahia,Caatinga,-40.5,-10.5,30,2024-08-08 06:00,2024-08-08 03:00,2024-08-08,2024,8,8,3,0.0,-27.05998464175165,-3.3663356216411264,1.2445706336998428,17.983159190849314,0.2156119261047124,0.0132658714474704,-27.05998464175165,-24.938219653810368
CAA01,Caatinga_Bahia,Caatinga,-40.5,-10.5,30,2024-08-08 07:00,2024-08-08 04:00,2024-08-08,2024,8,8,4,0.0,-26.62620340302704,-2.7769197098311795,1.1622915835849523,17.771999628656758,0.2157115033295925,0.0137587303464136,-26.62620340302704,-25.011575276780814
CAA01,Caatinga_Bahia,Caatinga,-40.5,-10.5,30,2024-08-08 08:00,2024-08-08 05:00,2024-08-08,2024,8,8,5,0.0,-13.503393888034337,0.7906289523158437,2.8092828386410686,17.933705950997656,0.2161497599527258,0.0549682570897377,-13.503393888034337,-17.103305678991248
CAA01,Caatinga_Bahia,Caatinga,-40.5,-10.5,30,2024-08-08 09:00,2024-08-08 06:00,2024-08-08,2024,8,8,6,0.0037232951632199,-15.141653397329993,-0.0037561480468676,3.628191951993012,17.927298532243785,0.2163868071054561,0.0317017785750216,-15.137930102166774,-18.76236590611292
CAA01,Caatinga_Bahia,Caatinga,-40.5,-10.5,30,2024-08-08 10:00,2024-08-08 07:00,2024-08-08,2024,8,8,7,30.446553105831867,-5.734028323743331,11.76310592681213,10.232831045025542,18.470317632857423,0.2169678355053824,0.0768091597733915,24.712524782088536,2.7165878102508643
CAA01,Caatinga_Bahia,Caatinga,-40.5,-10.5,30,2024-08-08 11:00,2024-08-08 08:00,2024-08-08,2024,8,8,8,134.2278458573084,-28.547040771757928,40.68374147818989,39.50710989574433,19.395063230690265,0.2175086397449088,0.0775238755950967,105.68080508555047,25.48995371161626
CAA01,Caatinga_Bahia,Caatinga,-40.5,-10.5,30,2024-08-08 12:00,2024-08-08 09:00,2024-08-08,2024,8,8,9,318.9084146109877,-34.784120568183994,121.74149238496751,87.50583100704537,21.299201563977142,0.2175814260724997,0.0624620971506914,284.1242940428037,74.87697065079081
CAA01,Caatinga_Bahia,Caatinga,-40.5,-10.5,30,2024-08-08 13:00,2024-08-08 10:00,2024-08-08,2024,8,8,10,433.0834992119106,-42.434111452933045,215.0998786532217,73.79656554435142,23.040826144794657,0.2173019197940257,0.0464572822552545,390.6493877589775,101.7529435614044
CAA01,Caatinga_Bahia,Caatinga,-40.5,-10.5,30,2024-08-08 14:00,2024-08-08 11:00,2024-08-08,2024,8,8,11,527.039532178735,-55.21470195028392,279.4510963463037,83.71407812529675,24.552057980081223,0.21675330491132,0.030830810669446,471.8248302284511,108.65965575685065
CAA01,Caatinga_Bahia,Caatinga,-40.5,-10.5,30,2024-08-08 15:00,2024-08-08 12:00,2024-08-08,2024,8,8,12,498.2597925330905,-63.60141338612587,278.1156984561045,72.75916813839991,25.208888964146947,0.216179907209872,0.013514596811626,434.65837914696465,83.78351255246024
CAA01,Caatinga_Bahia,Caatinga,-40.5,-10.5,30,2024-08-08 16:00,2024-08-08 13:00,2024-08-08,2024,8,8,13,607.7215062002697,-82.33396508668986,342.2894230805751,80.98086404983006,26.2371337676778,0.2155034194500339,0.0140032968323896,525.3875411135798,102.11725398317465
CAA01,Caatinga_Bahia,Caatinga,-40.5,-10.5,30,2024-08-08 17:00,2024-08-08 14:00,2024-08-08,2024,8,8,14,543.1423667369302,-96.81021629730913,305.06880495261976,75.14018306462333,26.54575189105715,0.2148321605181006,0.005981348005447,446.33215043962105,66.12316242237796
CAA01,Caatinga_Bahia,Caatinga,-40.5,-10.5,30,2024-08-08 18:00,2024-08-08 15:00,2024-08-08,2024,8,8,15,390.50699870867294,-89.68602190508749,222.81686207485907,54.39244820448547,26.14819329574241,0.2143675224370701,0.0085747103429496,300.82097680358544,23.611666524240896
CAA01,Caatinga_Bahia,Caatinga,-40.5,-10.5,30,2024-08-08 19:00,2024-08-08 16:00,2024-08-08,2024,8,8,16,284.6704590858163,-86.30719682295526,157.2649368578971,43.634020585275096,25.52018416396089,0.2139470203577648,2.875305244890447e-05,198.363262262861,-2.535695180311194
CAA01,Caatinga_Bahia,Caatinga,-40.5,-10.5,30,2024-08-08 20:00,2024-08-08 17:00,2024-08-08,2024,8,8,17,130.3877814808485,-74.88736350861204,67.06647011906797,24.63346474486793,24.54995189947752,0.2136867812017645,3.0459389485287647e-06,55.50041797223646,-36.19951689169944
CAA01,Caatinga_Bahia,Caatinga,-40.5,-10.5,30,2024-08-08 21:00,2024-08-08 18:00,2024-08-08,2024,8,8,18,16.809880742133352,-73.70335227596424,-4.386876507339678,8.007369300594391,23.185762622437537,0.2135726154166355,1.9610142059925995e-06,-56.89347153383088,-60.513964327085596
CAA01,Caatinga_Bahia,Caatinga,-40.5,-10.5,30,2024-08-08 22:00,2024-08-08 19:00,2024-08-08,2024,8,8,19,0.0,-74.69516198560554,-22.85598985928332,4.390685542832186,22.076995746858376,0.2135196464771981,0.0023112462496394,-74.69516198560554,-56.229857669154406
CAA01,Caatinga_Bahia,Caatinga,-40.5,-10.5,30,2024-08-08 23:00,2024-08-08 20:00,2024-08-08,2024,8,8,20,0.0,-64.22784614215996,-23.614379688182463,3.822096127917356,21.35319067512168,0.2135332727244809,0.0093305412469165,-64.22784614215996,-44.43556258189485
CAA01,Caatinga_Bahia,Caatinga,-40.5,-10.5,30,2024-08-09 00:00,2024-08-08 21:00,2024-08-08,2024,8,8,21,0.0,-54.96760354355384,-20.26909759015553,3.898209422890676,20.62761400086193,0.2135878064004484,0.0128005074957582,-54.96760354355384,-38.596715376288984
CAA01,Caatinga_Bahia,Caatinga,-40.5,-10.5,30,2024-08-09 01:00,2024-08-08 22:00,2024-08-08,2024,8,8,22,0.0,-50.18480756494616,-17.836934783227946,3.593242679314078,19.9848412148139,0.2135675300229128,0.0016189420188599,-50.18480756494616,-35.9411154610323
CAA01,Caatinga_Bahia,Caatinga,-40.5,-10.5,30,2024-08-09 02:00,2024-08-08 23:00,2024-08-08,2024,8,8,23,0.0,-25.285514317353176,-5.118802934920907,3.086816000113941,19.869560818304656,0.2136566417683009,0.0156921754304496,-25.285514317353176,-23.25352738254621
CAA01,Caatinga_Bahia,Caatinga,-40.5,-10.5,30,2024-08-09 03:00,2024-08-09 00:00,2024-08-09,2024,8,9,0,0.0,-13.46780506418656,1.2133639074042428,3.787290800243075,19.78071081943544,0.2140380749843444,0.052499989949522,-13.46780506418656,-18.468459771833878
CAA01,Caatinga_Bahia,Caatinga,-40.5,-10.5,30,2024-08-09 04:00,2024-08-09 01:00,2024-08-09,2024,8,9,1,0.0,-14.291765937446591,2.016871237585219,5.063287828291461,19.5123398632988,0.2143222076671589,0.0390640638706277,-14.291765937446591,-21.371925003323273
CAA01,Caatinga_Bahia,Caatinga,-40.5,-10.5,30,2024-08-09 05:00,2024-08-09 02:00,2024-08-09,2024,8,9,2,0.0,-6.22110134307526,4.807452097457227,5.651709964108702,19.48410817226008,0.2156098528288101,0.1596779272996795,-6.22110134307526,-16.680263404641188
CAA01,Caatinga_Bahia,Caatinga,-40.5,-10.5,30,2024-08-09 06:00,2024-08-09 03:00,2024-08-09,2024,8,9,3,0.0,-8.236279363451644,1.823429992973662,9.887234233464367,19.344910983912207,0.2159105769346319,0.04007120256525,-8.236279363451644,-19.94694358988967
CAA01,Caatinga_Bahia,Caatinga,-40.5,-10.5,30,2024-08-09 07:00,2024-08-09 04:00,2024-08-09,2024,8,9,4,0.0,-29.844119452515248,-4.324300404489262,6.943859596650149,18.66771839371996,0.21602574415114,0.0163068811193814,-29.844119452515248,-32.463678644676136
CAA01,Caatinga_Bahia,Caatinga,-40.5,-10.5,30,2024-08-09 08:00,2024-08-09 05:00,2024-08-09,2024,8,9,5,0.0,-11.415068934085344,-2.6881046924552323,12.06331073510701,18.754597682558465,0.2162955229841855,0.0361949485543446,-11.415068934085344,-20.790274976737123
CAA01,Caatinga_Bahia,Caatinga,-40.5,-10.5,30,2024-08-09 09:00,2024-08-09 06:00,2024-08-09,2024,8,9,6,0.0054343037277578,-17.221582136956652,-3.806180614899639,9.486712053020378,18.642397772424413,0.2164501163454632,0.0217879985952108,-17.216147833228895,-22.896679271349633
CAA01,Caatinga_Bahia,Caatinga,-40.5,-10.5,30,2024-08-09 10:00,2024-08-09 07:00,2024-08-09,2024,8,9,7,37.46694781518831,-18.46880889306672,7.462757315938399,16.867105907822033,18.98286327048464,0.2169827161497834,0.0691232867596231,18.998138922121594,-5.331724301638838
CAA01,Caatinga_Bahia,Caatinga,-40.5,-10.5,30,2024-08-09 11:00,2024-08-09 08:00,2024-08-09,2024,8,9,8,161.5182682922198,-34.61564898687785,38.02737575723049,61.22806823145144,20.03634634583534,0.217560427308266,0.083158844822473,126.90261930534194,27.647175316660018
CAA01,Caatinga_Bahia,Caatinga,-40.5,-10.5,30,2024-08-09 12:00,2024-08-09 09:00,2024-08-09,2024,8,9,9,335.12927372339027,-46.70197857916028,124.6546995290454,88.07705387493118,21.739734644051257,0.2173569541856828,0.0345382468249324,288.42729514423,75.69554174025345
CAA01,Caatinga_Bahia,Caatinga,-40.5,-10.5,30,2024-08-09 13:00,2024-08-09 10:00,2024-08-09,2024,8,9,10,432.3908303423918,-46.45309728631385,222.00762628420603,62.97590734727208,23.340892795268733,0.2171488963850665,0.0464340136756531,385.93773305607795,100.95419942459984
CAA01,Caatinga_Bahia,Caatinga,-40.5,-10.5,30,2024-08-09 14:00,2024-08-09 11:00,2024-08-09,2024,8,9,11,561.025635408952,-65.33376540572365,290.9809423365427,86.11034590478364,24.83640563943984,0.2164640998742537,0.0163562337346941,495.69187000322836,118.60058176190203
CAA01,Caatinga_Bahia,Caatinga,-40.5,-10.5,30,2024-08-09 15:00,2024-08-09 12:00,2024-08-09,2024,8,9,12,602.4797358476235,-78.30982415161705,329.5103908163848,83.14597390759418,25.98768970291957,0.2157047228046288,0.0066499672594528,524.1699116960065,111.51354697202747
CAA01,Caatinga_Bahia,Caatinga,-40.5,-10.5,30,2024-08-09 16:00,2024-08-09 13:00,2024-08-09,2024,8,9,13,591.884803357451,-95.15124005393191,324.31232400919134,78.8319894984713,26.673651287865823,0.2149481805160176,0.0028153491456209,496.7335633035191,93.58924979585643
CAA01,Caatinga_Bahia,Caatinga,-40.5,-10.5,30,2024-08-09 17:00,2024-08-09 14:00,2024-08-09,2024,8,9,14,497.6884391082248,-92.98508355646707,277.3056208815208,68.75445175563533,26.84986691655025,0.2142693952013745,0.000655651092529297,404.70335555175774,58.64328291460163
CAA01,Caatinga_Bahia,Caatinga,-40.5,-10.5,30,2024-08-09 18:00,2024-08-09 15:00,2024-08-09,2024,8,9,15,403.6527201428057,-94.78046934047366,221.0697574963444,59.34387550086407,26.665934286344143,0.2136741720332262,0.0,308.8722508023321,28.458617805123595
CAA01,Caatinga_Bahia,Caatinga,-40.5,-10.5,30,2024-08-09 19:00,2024-08-09 16:00,2024-08-09,2024,8,9,16,241.15436440114715,-83.77605442564428,131.91511232647795,38.98810782582276,25.90373449460849,0.2132769036834983,0.0007324591801118045,157.37830997550287,-13.524910176797839
CAA01,Caatinga_Bahia,Caatinga,-40.5,-10.5,30,2024-08-09 20:00,2024-08-09 17:00,2024-08-09,2024,8,9,17,158.65819043278452,-98.273243652557,68.85737841584533,26.018619988985744,24.910600733231394,0.2130060895164489,0.0,60.38494678022752,-34.49105162460356
CAA01,Caatinga_Bahia,Caatinga,-40.5,-10.5,30,2024-08-09 21:00,2024-08-09 18:00,2024-08-09,2024,8,9,18,20.518404641181952,-98.52447164777158,-11.862119675648993,7.645893199642988,23.279378740972124,0.2128991867167138,0.0,-78.00606700658963,-73.78984053058362
CAA01,Caatinga_Bahia,Caatinga,-40.5,-10.5,30,2024-08-09 22:00,2024-08-09 19:00,2024-08-09,2024,8,9,19,0.0,-84.42710733208001,-26.85798116181471,4.407590915133216,22.19217370528278,0.2128264760180552,0.0,-84.42710733208001,-61.97671708539852
CAA01,Caatinga_Bahia,Caatinga,-40.5,-10.5,30,2024-08-09 23:00,2024-08-09 20:00,2024-08-09,2024,8,9,20,0.0,-76.24462361609606,-28.657535274122186,3.6931261512751865,21.429103273278635,0.2127660145985329,0.0,-76.24462361609606,-51.28021449324907
CAA01,Caatinga_Bahia,Caatinga,-40.5,-10.5,30,2024-08-10 00:00,2024-08-09 21:00,2024-08-09,2024,8,9,21,0.0,-71.4544161491863,-28.47916842325149,3.102209119048976,20.840302151562824,0.2127180893265107,0.0,-71.4544161491863,-46.077456844983786
CAA01,Caatinga_Bahia,Caatinga,-40.5,-10.5,30,2024-08-10 01:00,2024-08-09 22:00,2024-08-09,2024,8,9,22,0.0,-67.04484535525744,-25.07211279173552,2.534102183387457,20.36307711342916,0.2126767020452901,0.0,-67.04484535525744,-44.50683474690938
CAA01,Caatinga_Bahia,Caatinga,-40.5,-10.5,30,2024-08-10 02:00,2024-08-09 23:00,2024-08-09,2024,8,9,23,0.0,-64.8326876044456,-19.98912633642872,1.9873088764503704,19.876183917733947,0.212642142231129,0.0,-64.8326876044456,-46.83087014446725
CAA01,Caatinga_Bahia,Caatinga,-40.5,-10.5,30,2024-08-10 03:00,2024-08-10 00:00,2024-08-10,2024,8,10,0,0.0,-60.9329831201694,-16.013861187071537,1.6837689188932574,19.273474121615354,0.2126145168076905,0.0,-60.9329831201694,-46.60289085199113
CAA01,Caatinga_Bahia,Caatinga,-40.5,-10.5,30,2024-08-10 04:00,2024-08-10 01:00,2024-08-10,2024,8,10,1,0.0,-57.28319180956724,-12.507066740728083,1.1831819821872809,18.444027592084147,0.2125928269514893,0.0,-57.28319180956724,-45.959307051026435
CAA01,Caatinga_Bahia,Caatinga,-40.5,-10.5,30,2024-08-10 05:00,2024-08-10 02:00,2024-08-10,2024,8,10,2,0.0,-53.08895979319774,-9.681166609696351,0.8266358552194306,17.861713096085367,0.2125771613309291,0.0,-53.08895979319774,-44.23442903872081
CAA01,Caatinga_Bahia,Caatinga,-40.5,-10.5,30,2024-08-10 06:00,2024-08-10 03:00,2024-08-10,2024,8,10,3,0.0,-56.556523362578105,-8.824673370174143,0.1185754097115402,17.276363000786652,0.2125699583271022,0.0,-56.556523362578105,-47.850425402115505
CAA01,Caatinga_Bahia,Caatinga,-40.5,-10.5,30,2024-08-10 07:00,2024-08-10 04:00,2024-08-10,2024,8,10,4,0.0,-53.837570666932535,-7.726822005735016,-0.3181854953569191,16.847678958499706,0.2125660882120845,0.0,-53.837570666932535,-45.7925631658406
CAA01,Caatinga_Bahia,Caatinga,-40.5,-10.5,30,2024-08-10 08:00,2024-08-10 05:00,2024-08-10,2024,8,10,5,0.0,-52.83937273305609,-7.011561034201184,-1.44765652594998,16.463148276081807,0.2125652849806657,0.0,-52.83937273305609,-44.38015517290492
CAA01,Caatinga_Bahia,Caatinga,-40.5,-10.5,30,2024-08-10 09:00,2024-08-10 06:00,2024-08-10,2024,8,10,6,0.0168875216012457,-52.97859380637687,-6.192886733511843,-2.791616770162746,16.128437221789873,0.2125643748255841,0.0,-52.96170628477562,-43.977202781101035
CAA01,Caatinga_Bahia,Caatinga,-40.5,-10.5,30,2024-08-10 10:00,2024-08-10 07:00,2024-08-10,2024,8,10,7,69.76311333295354,-50.28126725725899,0.4909766611595361,7.3795429081448605,17.550784540119373,0.2125137477751533,0.0,19.48184607569455,11.611326506390153
CAA01,Caatinga_Bahia,Caatinga,-40.5,-10.5,30,2024-08-10 11:00,2024-08-10 08:00,2024-08-10,2024,8,10,8,256.8544530849428,-58.15282055299189,60.2708697468619,22.692632693366765,20.020376308390997,0.2123393292020395,0.0,198.7016325319509,115.73813009172224
CAA01,Caatinga_Bahia,Caatinga,-40.5,-10.5,30,2024-08-10 12:00,2024-08-10 09:00,2024-08-10,2024,8,10,9,445.5310282192979,-77.9573509276667,198.86537766573625,45.49063892212158,22.374360034755544,0.2119513684267713,0.0,367.5736772916312,123.21766070377339
CAA01,Caatinga_Bahia,Caatinga,-40.5,-10.5,30,2024-08-10 13:00,2024-08-10 10:00,2024-08-10,2024,8,10,10,610.3366050437722,-95.1293473100515,302.5233249776867,65.08960643004995,24.430805902215425,0.2113573188110206,0.0,515.2072577337208,147.59432632598413
CAA01,Caatinga_Bahia,Caatinga,-40.5,-10.5,30,2024-08-10 14:00,2024-08-10 11:00,2024-08-10,2024,8,10,11,721.3584144210869,-111.49167744355196,376.9134675459086,82.57656478474716,26.135584035927884,0.210593662186986,0.0,609.8667369775349,150.3767046468791
CAA01,Caatinga_Bahia,Caatinga,-40.5,-10.5,30,2024-08-10 15:00,2024-08-10 12:00,2024-08-10,2024,8,10,12,775.4280387967871,-125.77549098919468,414.7827538977194,93.2837928939023,27.39119996921853,0.2098933721766312,0.0202114374041455,649.6525478075923,141.58600101597065
CAA01,Caatinga_Bahia,Caatinga,-40.5,-10.5,30,2024-08-10 16:00,2024-08-10 13:00,2024-08-10,2024,8,10,13,741.9191630110715,-134.72156578172775,395.6458924400389,97.29322186141025,28.20649442175603,0.2092083461711273,0.0200791122403598,607.1975972293437,114.25848292789459
CAA01,Caatinga_Bahia,Caatinga,-40.5,-10.5,30,2024-08-10 17:00,2024-08-10 14:00,2024-08-10,2024,8,10,14,637.3485882755087,-132.52249919292055,337.1162636966142,88.91088740766064,28.61419689626376,0.2084414766214176,0.0,504.82608908258817,78.7989379783133
CAA01,Caatinga_Bahia,Caatinga,-40.5,-10.5,30,2024-08-10 18:00,2024-08-10 15:00,2024-08-10,2024,8,10,15,479.4971906986462,-122.23784011280132,250.2636544560285,70.24647467669345,28.67057888596269,0.2077960619211727,0.0,357.25935058584486,36.749221453122914
CAA01,Caatinga_Bahia,Caatinga,-40.5,-10.5,30,2024-08-10 19:00,2024-08-10 16:00,2024-08-10,2024,8,10,16,329.46748523519256,-112.52569366110258,159.9072762490743,51.874406274331086,28.58833479006831,0.2073341308343392,0.0023137344455865,216.94179157408996,5.160109050684575
CAA01,Caatinga_Bahia,Caatinga,-40.5,-10.5,30,2024-08-10 20:00,2024-08-10 17:00,2024-08-10,2024,8,10,17,145.64960215727612,-104.59110351506864,64.24997683207052,26.848561689359855,27.14794492772088,0.207073591770504,0.0,41.05849864220748,-50.04003987922289
CAA01,Caatinga_Bahia,Caatinga,-40.5,-10.5,30,2024-08-10 21:00,2024-08-10 18:00,2024-08-10,2024,8,10,18,19.31251258094533,-94.09844836590143,-2.881394633396002,8.626965760838605,25.069675100923448,0.2069621616664086,0.0,-74.78593578495611,-80.53150691239871
CAA01,Caatinga_Bahia,Caatinga,-40.5,-10.5,30,2024-08-10 22:00,2024-08-10 19:00,2024-08-10,2024,8,10,19,0.0,-76.52598691581689,-19.146427581230185,5.63017546858087,23.83241100268905,0.2068751779627014,0.0,-76.52598691581689,-63.009734803167575
CAA01,Caatinga_Bahia,Caatinga,-40.5,-10.5,30,2024-08-10 23:00,2024-08-10 20:00,2024-08-10,2024,8,10,20,0.0,-72.40331966045693,-25.731629541009134,4.775812681592892,23.023679730603305,0.2068040398242555,0.0,-72.40331966045693,-51.447502801040685
CAA01,Caatinga_Bahia,Caatinga,-40.5,-10.5,30,2024-08-11 00:00,2024-08-10 21:00,2024-08-10,2024,8,10,21,0.0,-69.03310872785279,-26.7390582806358,4.035979224823867,22.446452174808552,0.2067465670515057,2.556958782878662e-06,-69.03310872785279,-46.33002967204086
CAA01,Caatinga_Bahia,Caatinga,-40.5,-10.5,30,2024-08-11 01:00,2024-08-10 22:00,2024-08-10,2024,8,10,22,0.0,-68.82074622809019,-26.122826368711905,3.573735389487078,21.867436464186174,0.2066980967295921,0.0,-68.82074622809019,-46.27165524886536
CAA01,Caatinga_Bahia,Caatinga,-40.5,-10.5,30,2024-08-11 02:00,2024-08-10 23:00,2024-08-10,2024,8,10,23,0.0,-65.78644137279478,-21.74861388841414,3.0742194235553293,21.152829315388992,0.2066529905912184,0.0,-65.78644137279478,-47.11204690793597
CAA01,Caatinga_Bahia,Caatinga,-40.5,-10.5,30,2024-08-11 03:00,2024-08-11 00:00,2024-08-11,2024,8,11,0,0.0,-63.14233626967853,-16.437253413471584,2.477023300860252,20.369916355131128,0.206616513974808,0.0,-63.14233626967853,-49.182106157067196
CAA01,Caatinga_Bahia,Caatinga,-40.5,-10.5,30,2024-08-11 04:00,2024-08-11 01:00,2024-08-11,2024,8,11,1,0.0,-60.950515581382106,-13.458436592035554,1.951919045177464,19.65620284822943,0.2065927195479739,0.0,-60.950515581382106,-49.443998034524014
CAA01,Caatinga_Bahia,Caatinga,-40.5,-10.5,30,2024-08-11 05:00,2024-08-11 02:00,2024-08-11,2024,8,11,2,0.0,-59.12728572038969,-10.170340967356012,1.4337608480981407,18.99016325928947,0.2065714573864244,0.0,-59.12728572038969,-50.39070560113182
CAA01,Caatinga_Bahia,Caatinga,-40.5,-10.5,30,2024-08-11 06:00,2024-08-11 03:00,2024-08-11,2024,8,11,3,0.0,-57.20488624926416,-7.146088940162176,0.9107609335536184,18.400490988765803,0.2065604416412526,0.0,-57.20488624926416,-50.96955824265561
CAA01,Caatinga_Bahia,Caatinga,-40.5,-10.5,30,2024-08-11 07:00,2024-08-11 04:00,2024-08-11,2024,8,11,4,0.0,-57.59786482367685,-4.475169296796371,0.3912627471087564,17.9460676355905,0.206560493799137,0.0,-57.59786482367685,-53.51395827398923
CAA01,Caatinga_Bahia,Caatinga,-40.5,-10.5,30,2024-08-11 08:00,2024-08-11 05:00,2024-08-11,2024,8,11,5,0.0,-55.23756936136276,-3.1547706469929184,0.1549064737271881,17.418345712242225,0.2065627209407981,0.0,-55.23756936136276,-52.23770518809703
CAA01,Caatinga_Bahia,Caatinga,-40.5,-10.5,30,2024-08-11 09:00,2024-08-11 06:00,2024-08-11,2024,8,11,6,0.0225159042139045,-53.5437827341955,-2.6508497122998924,-0.1907520082037259,17.084447682011852,0.2065643952088853,0.0,-53.5212668299816,-50.67966510947798
CAA01,Caatinga_Bahia,Caatinga,-40.5,-10.5,30,2024-08-11 10:00,2024-08-11 07:00,2024-08-11,2024,8,11,7,71.67706204067683,-50.56801268539092,-0.1109398678288612,1.9159857764104904,18.66646378797013,0.2065561255763237,0.0,21.10904935528591,19.304003446704282
CAA01,Caatinga_Bahia,Caatinga,-40.5,-10.5,30,2024-08-11 11:00,2024-08-11 08:00,2024-08-11,2024,8,11,8,260.0784144210867,-57.426999230900726,3.769892990751819,6.421175867373101,22.623409796339768,0.2065115018983801,0.0,202.65141519018596,192.46034633206102
CAA01,Caatinga_Bahia,Caatinga,-40.5,-10.5,30,2024-08-11 12:00,2024-08-11 09:00,2024-08-11,2024,8,11,9,452.9250184204031,-96.48357692892004,161.0395541597828,51.626096393778845,25.257665152933622,0.2061059717397734,0.0,356.44144149148303,143.77579093792139
CAA01,Caatinga_Bahia,Caatinga,-40.5,-10.5,30,2024-08-11 13:00,2024-08-11 10:00,2024-08-11,2024,8,11,10,613.8015336409732,-111.77743211037053,278.6369204219602,74.17201997759167,27.2946264047579,0.205485955321306,0.0,502.02410153060265,149.21516113105076
CAA01,Caatinga_Bahia,Caatinga,-40.5,-10.5,30,2024-08-11 14:00,2024-08-11 11:00,2024-08-11,2024,8,11,11,724.3860200535526,-124.19540121346782,358.1480838033385,88.61172040866711,28.88690195613349,0.2047279995540293,0.0,600.1906188400848,153.43081462807913
CAA01,Caatinga_Bahia,Caatinga,-40.5,-10.5,30,2024-08-11 15:00,2024-08-11 12:00,2024-08-11,2024,8,11,12,774.976736645208,-135.74237542490368,396.2439872576389,97.334634155605,30.074218021354397,0.2038897701948652,0.0,639.2343612203043,145.65573980706046
CAA01,Caatinga_Bahia,Caatinga,-40.5,-10.5,30,2024-08-11 16:00,2024-08-11 13:00,2024-08-11,2024,8,11,13,712.0818276078164,-142.96550827019126,366.203298011736,92.60117036024236,30.66916468751839,0.2030861110814391,0.0,569.1163193376251,110.31185096564671
CAA01,Caatinga_Bahia,Caatinga,-40.5,-10.5,30,2024-08-11 17:00,2024-08-11 14:00,2024-08-11,2024,8,11,14,671.7902883647621,-144.78515552896943,345.1971474961546,88.74978227843297,31.096797474607072,0.2023188347002315,0.0,527.0051328357927,93.05820306120506
CAA01,Caatinga_Bahia,Caatinga,-40.5,-10.5,30,2024-08-11 18:00,2024-08-11 15:00,2024-08-11,2024,8,11,15,493.7335438386603,-141.58670512163164,255.92758066047588,67.70828367420577,30.753628237001777,0.2017315030199833,0.0,352.1468387170287,28.51097438234703
CAA01,Caatinga_Bahia,Caatinga,-40.5,-10.5,30,2024-08-11 19:00,2024-08-11 16:00,2024-08-11,2024,8,11,16,322.2641721263223,-126.28991715566194,162.77730910195794,47.05512485994797,29.959916469252583,0.2013239308802048,0.0,195.97425497066035,-13.858178991245559
CAA01,Caatinga_Bahia,Caatinga,-40.5,-10.5,30,2024-08-11 20:00,2024-08-11 17:00,2024-08-11,2024,8,11,17,145.38286171404704,-109.80031039328516,69.12002373763269,25.07861960918362,28.18330528977755,0.2011030265926765,0.0008177123626385608,35.58255132076188,-58.61609202605443
CAA01,Caatinga_Bahia,Caatinga,-40.5,-10.5,30,2024-08-11 21:00,2024-08-11 18:00,2024-08-11,2024,8,11,18,18.106929679636917,-92.73744858428762,-6.294504643080956,9.075359767561103,26.386801987724493,0.2009979519267874,0.0008583068797918258,-74.6305189046507,-77.41137402913085
CAA01,Caatinga_Bahia,Caatinga,-40.5,-10.5,30,2024-08-11 22:00,2024-08-11 19:00,2024-08-11,2024,8,11,19,0.0,-76.74655187147498,-23.981611880210405,6.323881957500145,25.33712725941698,0.2009070016159764,0.0,-76.74655187147498,-59.08882194876472
CAA01,Caatinga_Bahia,Caatinga,-40.5,-10.5,30,2024-08-11 23:00,2024-08-11 20:00,2024-08-11,2024,8,11,20,0.0,-73.67975873070137,-30.789944169087917,5.689835735581763,24.466757108785863,0.2008294115472382,0.0,-73.67975873070137,-48.579650297195215
CAA01,Caatinga_Bahia,Caatinga,-40.5,-10.5,30,2024-08-12 00:00,2024-08-11 21:00,2024-08-11,2024,8,11,21,0.0,-70.12157978693102,-30.43848819764904,4.852166391310128,23.522314526667643,0.2007618749107057,0.0,-70.12157978693102,-44.535257980592114
CAA01,Caatinga_Bahia,Caatinga,-40.5,-10.5,30,2024-08-12 01:00,2024-08-11 22:00,2024-08-11,2024,8,11,22,0.0,-65.830835683359,-26.57080817144269,3.790766713667181,22.56812707056372,0.2007086477897408,0.0,-65.830835683359,-43.05079422558349
CAA01,Caatinga_Bahia,Caatinga,-40.5,-10.5,30,2024-08-12 02:00,2024-08-11 23:00,2024-08-11,2024,8,11,23,0.0,-63.53014972511822,-22.84890049659128,2.771635107484002,21.69299817539206,0.2006774573749079,0.0,-63.53014972511822,-43.45288433601094
CAA01,Caatinga_Bahia,Caatinga,-40.5,-10.5,30,2024-08-12 03:00,2024-08-12 00:00,2024-08-12,2024,8,12,0,0.0,-59.59770993562359,-18.44429568070036,1.990431336523672,20.923833311058463,0.2006569019526911,9.557270143933024e-05,-59.59770993562359,-43.143845591446905
CAA01,Caatinga_Bahia,Caatinga,-40.5,-10.5,30,2024-08-12 04:00,2024-08-12 01:00,2024-08-12,2024,8,12,1,0.0,-57.08218328063581,-15.566679817315183,1.3905044959076325,20.23442123692133,0.2006559787581383,0.0013680697261645,-57.08218328063581,-42.90600795922826
CAA01,Caatinga_Bahia,Caatinga,-40.5,-10.5,30,2024-08-12 05:00,2024-08-12 02:00,2024-08-12,2024,8,12,2,0.0,-49.83330221329688,-11.258669410737012,1.1315278015154109,19.735568616492536,0.2006772435275821,0.0034735037147275,-49.83330221329688,-39.70616060407528
CAA01,Caatinga_Bahia,Caatinga,-40.5,-10.5,30,2024-08-12 06:00,2024-08-12 03:00,2024-08-12,2024,8,12,3,0.0,-42.48859411496612,-7.248272754894701,1.1124023908543652,19.40268308815236,0.2007074403347185,0.0042077711027435,-42.48859411496612,-36.35272375092578
CAA01,Caatinga_Bahia,Caatinga,-40.5,-10.5,30,2024-08-12 07:00,2024-08-12 04:00,2024-08-12,2024,8,12,4,0.0,-41.416008279686295,-6.67131819821873,1.272854972559297,19.09996013312114,0.2007400103255921,0.0048378882622478,-41.416008279686295,-36.01754505402686
CAA01,Caatinga_Bahia,Caatinga,-40.5,-10.5,30,2024-08-12 08:00,2024-08-12 05:00,2024-08-12,2024,8,12,5,0.0,-45.45282950207943,-8.773971923128054,0.9154632161643784,18.765146330404956,0.2007890491684448,0.005854777522012,-45.45282950207943,-37.594320795115756
CAA01,Caatinga_Bahia,Caatinga,-40.5,-10.5,30,2024-08-12 09:00,2024-08-12 06:00,2024-08-12,2024,8,12,6,0.0340936971837672,-46.65407876621282,-10.480576919424983,0.8290895193604135,18.522435937182905,0.2008249781270696,0.0043003284264947,-46.61998506902905,-36.96849766896448
CAA01,Caatinga_Bahia,Caatinga,-40.5,-10.5,30,2024-08-12 10:00,2024-08-12 07:00,2024-08-12,2024,8,12,7,59.6996864733474,-45.97131656032209,13.905636026130392,4.808076397197061,19.184972511334568,0.2008946349816004,0.0119388887890789,13.728369913025311,-4.985342510302141
CAA01,Caatinga_Bahia,Caatinga,-40.5,-10.5,30,2024-08-12 11:00,2024-08-12 08:00,2024-08-12,2024,8,12,8,210.60612003646105,-42.07287334548701,93.66125182779771,24.862258968077636,20.91899504921537,0.2007700845617002,0.002422906907883,168.53324669097404,50.009735895098686
CAA01,Caatinga_Bahia,Caatinga,-40.5,-10.5,30,2024-08-12 12:00,2024-08-12 09:00,2024-08-12,2024,8,12,9,399.3775319508538,-50.14225953778082,211.4948064908183,37.197675516056144,22.93230241101701,0.2004980916264648,0.0006517188770305274,349.23527241307295,100.54279040619852
CAA01,Caatinga_Bahia,Caatinga,-40.5,-10.5,30,2024-08-12 13:00,2024-08-12 10:00,2024-08-12,2024,8,12,10,574.0826687745684,-74.61831040278015,309.97805208986125,54.332134962684464,24.87508729560788,0.2000850768114559,0.0,499.4643583717883,135.1541713192426
CAA01,Caatinga_Bahia,Caatinga,-40.5,-10.5,30,2024-08-12 14:00,2024-08-12 11:00,2024-08-12,2024,8,12,11,685.266792096318,-93.87083789095884,384.0367362179305,69.11219943409488,26.557485803354133,0.1995496865603236,0.0,591.3959542053592,138.24701855333382
CAA01,Caatinga_Bahia,Caatinga,-40.5,-10.5,30,2024-08-12 15:00,2024-08-12 12:00,2024-08-12,2024,8,12,12,707.3423958867434,-107.11356771871854,406.5090080992805,75.9920548244365,27.752052469079164,0.1989549614999706,0.0,600.2288281680248,117.72776524430786
CAA01,Caatinga_Bahia,Caatinga,-40.5,-10.5,30,2024-08-12 16:00,2024-08-12 13:00,2024-08-12,2024,8,12,13,619.0078097761071,-110.63387459883404,359.4029797375569,70.27270229210583,28.290169709133448,0.1984050139833202,0.00021168511660766084,508.3739351772731,78.69825314761036
CAA01,Caatinga_Bahia,Caatinga,-40.5,-10.5,30,2024-08-12 17:00,2024-08-12 14:00,2024-08-12,2024,8,12,14,569.989877988568,-113.57832426555764,325.5581437171236,66.71533508042312,28.60363828886926,0.1978926175354975,0.0008789316606692754,456.41155372301034,64.13807492546364
CAA01,Caatinga_Bahia,Caatinga,-40.5,-10.5,30,2024-08-12 18:00,2024-08-12 15:00,2024-08-12,2024,8,12,15,481.9041497179972,-114.42297551225812,269.2416758768683,58.85861742532144,28.56604758526524,0.1974433269119329,0.000972329419080141,367.4811742057391,39.38088090354931
CAA01,Caatinga_Bahia,Caatinga,-40.5,-10.5,30,2024-08-12 19:00,2024-08-12 16:00,2024-08-12,2024,8,12,16,316.5095156573426,-116.27680363280732,168.7757464061225,41.23623179323573,27.802214923155194,0.1971241024045369,0.00021248480292023448,200.2327120245353,-9.779266174822936
CAA01,Caatinga_Bahia,Caatinga,-40.5,-10.5,30,2024-08-12 20:00,2024-08-12 17:00,2024-08-12,2024,8,12,17,164.39933069370863,-102.5017638485349,79.0641977629655,25.339260810117946,26.76187477405208,0.196920055545226,0.0,61.89756684517373,-42.50589172790973
CAA01,Caatinga_Bahia,Caatinga,-40.5,-10.5,30,2024-08-12 21:00,2024-08-12 18:00,2024-08-12,2024,8,12,18,18.268341688980048,-88.25849384720564,-1.340360242313755,7.431737689663687,25.18539899070741,0.1968410259188801,0.0,-69.9901521582256,-76.08152960557554
CAA01,Caatinga_Bahia,Caatinga,-40.5,-10.5,30,2024-08-12 22:00,2024-08-12 19:00,2024-08-12,2024,8,12,19,0.0,-77.62268747982306,-17.121219924419385,4.265356919045178,23.991821681811405,0.1967883568872775,0.0,-77.62268747982306,-64.76682447444885
CAA01,Caatinga_Bahia,Caatinga,-40.5,-10.5,30,2024-08-12 23:00,2024-08-12 20:00,2024-08-12,2024,8,12,20,0.0,-69.2782762205891,-20.042789076890948,3.6356772821360073,23.152485785307498,0.1967462837298779,0.0,-69.2782762205891,-52.871164425834166
CAA01,Caatinga_Bahia,Caatinga,-40.5,-10.5,30,2024-08-13 00:00,2024-08-12 21:00,2024-08-12,2024,8,12,21,0.0,-65.81575067889631,-21.50196965381037,3.032824018686266,22.558369944690973,0.1967146056388264,0.0,-65.81575067889631,-47.3466050437722
CAA01,Caatinga_Bahia,Caatinga,-40.5,-10.5,30,2024-08-13 01:00,2024-08-12 22:00,2024-08-12,2024,8,12,22,0.0,-66.52540282169241,-19.344234057805885,2.431104512049223,21.963183920779965,0.1966910641777314,0.0,-66.52540282169241,-49.61227327593575
CAA01,Caatinga_Bahia,Caatinga,-40.5,-10.5,30,2024-08-13 02:00,2024-08-12 23:00,2024-08-12,2024,8,12,23,0.0,-62.59424307217193,-14.836484480335756,1.9145111946675784,21.463978825192505,0.196674410165263,0.0,-62.59424307217193,-49.67226978650375
CAA01,Caatinga_Bahia,Caatinga,-40.5,-10.5,30,2024-08-13 03:00,2024-08-13 00:00,2024-08-13,2024,8,13,0,0.0,-56.78888230169584,-11.07060773087222,1.655987058242656,21.039051947416876,0.1966590418446433,0.0,-56.78888230169584,-47.37426162906628
CAA01,Caatinga_Bahia,Caatinga,-40.5,-10.5,30,2024-08-13 04:00,2024-08-13 01:00,2024-08-13,2024,8,13,1,0.0,-56.38672173797451,-8.875444985662472,1.3457405666647682,20.514567304867786,0.1966535105010095,0.0,-56.38672173797451,-48.85701731897681
CAA01,Caatinga_Bahia,Caatinga,-40.5,-10.5,30,2024-08-13 05:00,2024-08-13 02:00,2024-08-13,2024,8,13,2,0.0,-54.69411681763803,-7.397255027630606,1.1325541218025412,19.85757708017329,0.1966473923811768,0.0,-54.69411681763803,-48.42941591180997
CAA01,Caatinga_Bahia,Caatinga,-40.5,-10.5,30,2024-08-13 06:00,2024-08-13 03:00,2024-08-13,2024,8,13,3,0.0,-50.41031193623123,-6.80943907973946,0.9923973110009688,19.327143017252684,0.1966422730848293,0.0,-50.41031193623123,-44.59327016749274
CAA01,Caatinga_Bahia,Caatinga,-40.5,-10.5,30,2024-08-13 07:00,2024-08-13 04:00,2024-08-13,2024,8,13,4,0.0,-53.41462359235841,-7.1359993068611285,0.8985321597447733,18.57671124385457,0.1966405310114924,0.0,-53.41462359235841,-47.177156445242055
CAA01,Caatinga_Bahia,Caatinga,-40.5,-10.5,30,2024-08-13 08:00,2024-08-13 05:00,2024-08-13,2024,8,13,5,0.0,-47.91076425682222,-4.433999078979853,0.6059327940143189,18.209217850902416,0.1966409013324712,0.0,-47.91076425682222,-44.08269797185669
CAA01,Caatinga_Bahia,Caatinga,-40.5,-10.5,30,2024-08-13 09:00,2024-08-13 06:00,2024-08-13,2024,8,13,6,0.0527321065724757,-52.672669178108215,-3.861660115080044,0.2971852864657515,17.89387560348761,0.1966465682866044,0.0,-52.61993707153574,-49.05546224292145
CAA01,Caatinga_Bahia,Caatinga,-40.5,-10.5,30,2024-08-13 10:00,2024-08-13 07:00,2024-08-13,2024,8,13,7,73.07214084961737,-50.80222374143075,0.418342970812207,2.544183235534287,19.38475667366392,0.1966397329958621,0.0,22.26991710818662,19.307390901840122
CAA01,Caatinga_Bahia,Caatinga,-40.5,-10.5,30,2024-08-13 11:00,2024-08-13 08:00,2024-08-13,2024,8,13,8,262.3951569532275,-57.96788621128394,16.59231513131658,13.514677832849088,22.64481570501857,0.1965627714296301,0.0,204.42727074194357,174.3202777777779
CAA01,Caatinga_Bahia,Caatinga,-40.5,-10.5,30,2024-08-13 12:00,2024-08-13 09:00,2024-08-13,2024,8,13,9,454.2812796483033,-93.09565145559166,189.11712988283116,42.55227416016256,25.09250087500069,0.1962749903028062,0.0,361.18562819271165,129.5162241497179
CAA01,Caatinga_Bahia,Caatinga,-40.5,-10.5,30,2024-08-13 13:00,2024-08-13 10:00,2024-08-13,2024,8,13,10,616.7461955221333,-105.22607849560384,305.16933211796663,61.63432718053896,27.05657125136281,0.1958428126810922,0.0,511.52011702652953,144.71645772802395
CAA01,Caatinga_Bahia,Caatinga,-40.5,-10.5,30,2024-08-13 14:00,2024-08-13 11:00,2024-08-13,2024,8,13,11,698.7355815720011,-117.964806253442,373.7602303499877,72.4709444729296,28.456615284613505,0.1953235757267388,0.0,580.7707753185591,134.53960049564182
CAA01,Caatinga_Bahia,Caatinga,-40.5,-10.5,30,2024-08-13 15:00,2024-08-13 12:00,2024-08-13,2024,8,13,12,709.8681351715758,-119.79164022294388,402.2381558707916,76.1765053457149,29.325262587303985,0.1947732083391194,0.0,590.0764949486319,111.66183373212536
CAA01,Caatinga_Bahia,Caatinga,-40.5,-10.5,30,2024-08-13 16:00,2024-08-13 13:00,2024-08-13,2024,8,13,13,677.0613596916008,-122.64496800167112,393.85890863859936,73.07209166524244,29.79756268762237,0.1942379797774286,0.0,554.4163916899297,87.4853913860879
CAA01,Caatinga_Bahia,Caatinga,-40.5,-10.5,30,2024-08-13 17:00,2024-08-13 14:00,2024-08-13,2024,8,13,14,508.84230682314535,-120.32269009096268,302.58166106458543,59.743240471714245,29.474625699374677,0.1938005655041273,0.0,388.51961673218267,26.194715195882992
CAA01,Caatinga_Bahia,Caatinga,-40.5,-10.5,30,2024-08-13 18:00,2024-08-13 15:00,2024-08-13,2024,8,13,15,447.0057128885851,-111.87133951461291,256.9116614443876,55.5609981199795,29.338553130795816,0.193400404999713,0.0,335.13437337397215,22.661713809605033
CAA01,Caatinga_Bahia,Caatinga,-40.5,-10.5,30,2024-08-13 19:00,2024-08-13 16:00,2024-08-13,2024,8,13,16,327.08309415294644,-113.72233549820548,180.10371085664377,40.72202624432671,28.52098449540129,0.1931060467636742,0.0,213.36075865474095,-7.464978446229537
CAA01,Caatinga_Bahia,Caatinga,-40.5,-10.5,30,2024-08-13 20:00,2024-08-13 17:00,2024-08-13,2024,8,13,17,162.49533631478002,-104.30837363983368,77.73473271425588,24.731200364610043,27.323057148538503,0.1929210036295212,0.0,58.186962674946344,-44.27897040391959
CAA01,Caatinga_Bahia,Caatinga,-40.5,-10.5,30,2024-08-13 21:00,2024-08-13 18:00,2024-08-13,2024,8,13,18,19.712157940712896,-98.4216949144496,-11.854500655158663,8.037342904346838,25.68673636319599,0.1928393869721122,0.0,-78.7095369737367,-74.89237922292489
CAA01,Caatinga_Bahia,Caatinga,-40.5,-10.5,30,2024-08-13 22:00,2024-08-13 19:00,2024-08-13,2024,8,13,19,0.0,-84.51344827095085,-28.77577128316149,5.011671509143738,24.683635295319643,0.1927768627082644,0.0,-84.51344827095085,-60.749348496933095
CAA01,Caatinga_Bahia,Caatinga,-40.5,-10.5,30,2024-08-13 23:00,2024-08-13 20:00,2024-08-13,2024,8,13,20,0.0,-72.8506984561044,-30.939106325604374,4.6920391575988925,24.03411043643384,0.1927208529641702,0.0,-72.8506984561044,-46.60363128809892
CAA01,Caatinga_Bahia,Caatinga,-40.5,-10.5,30,2024-08-14 00:00,2024-08-13 21:00,2024-08-13,2024,8,13,21,0.0,-70.42000341821912,-32.89209688752161,4.191706450939061,23.396646316364052,0.1926712638556378,0.0,-70.42000341821912,-41.71961298163657
CAA01,Caatinga_Bahia,Caatinga,-40.5,-10.5,30,2024-08-14 01:00,2024-08-13 22:00,2024-08-13,2024,8,13,22,0.0,-64.44121818563782,-29.68745059011756,3.563214870677378,22.70899652935182,0.1926341769919806,0.0,-64.44121818563782,-38.316982466197636
CAA01,Caatinga_Bahia,Caatinga,-40.5,-10.5,30,2024-08-14 02:00,2024-08-13 23:00,2024-08-13,2024,8,13,23,0.0,-57.78723343231929,-21.19246442915741,2.7313684626559573,21.81381957256742,0.1926433619954121,0.0048218181328454,-57.78723343231929,-39.32613746581784
CAA01,Caatinga_Bahia,Caatinga,-40.5,-10.5,30,2024-08-14 03:00,2024-08-14 00:00,2024-08-14,2024,8,14,0,0.0,-52.411944468182085,-13.49534438557512,2.507862995879148,20.897088406591685,0.1927413823074448,0.0142610390417353,-52.411944468182085,-41.42446307848611
CAA01,Caatinga_Bahia,Caatinga,-40.5,-10.5,30,2024-08-14 04:00,2024-08-14 01:00,2024-08-14,2024,8,14,1,0.0,-47.96022061755827,-9.14388138779696,3.322935015856741,20.14695294474238,0.1929217442714787,0.0235182625516788,-47.96022061755827,-42.139274245618054
CAA01,Caatinga_Bahia,Caatinga,-40.5,-10.5,30,2024-08-14 05:00,2024-08-14 02:00,2024-08-14,2024,8,14,2,0.0,-43.211097129645474,-5.9328904840578085,4.189436302436432,19.539247901980428,0.1931016420303421,0.0227066891822136,-43.211097129645474,-41.4676429480241
CAA01,Caatinga_Bahia,Caatinga,-40.5,-10.5,30,2024-08-14 06:00,2024-08-14 03:00,2024-08-14,2024,8,14,3,0.0,-50.332586950948574,-9.457526253821763,3.637952534229668,18.97018002210329,0.1932159564654413,0.0138611589572589,-50.332586950948574,-44.51301323135648
CAA01,Caatinga_Bahia,Caatinga,-40.5,-10.5,30,2024-08-14 07:00,2024-08-14 04:00,2024-08-14,2024,8,14,4,0.0,-43.34611944302019,-7.735269184754746,4.150987485520045,18.69928450700955,0.1932778600504655,0.0076525676069127,-43.34611944302019,-39.76183774378549
CAA01,Caatinga_Bahia,Caatinga,-40.5,-10.5,30,2024-08-14 08:00,2024-08-14 05:00,2024-08-14,2024,8,14,5,0.0,-30.830332659184585,-1.511926593744659,3.613174813422209,18.61535093118099,0.1934725889037398,0.0245646240771927,-30.830332659184585,-32.931580878862135
CAA01,Caatinga_Bahia,Caatinga,-40.5,-10.5,30,2024-08-14 09:00,2024-08-14 06:00,2024-08-14,2024,8,14,6,0.0519647163827645,-31.02537265709567,-3.033048481741014,4.159927837596614,18.528917435779903,0.1937556836446561,0.0347781972872092,-30.973407940712907,-32.1002872965685
CAA01,Caatinga_Bahia,Caatinga,-40.5,-10.5,30,2024-08-14 10:00,2024-08-14 07:00,2024-08-14,2024,8,14,7,49.94828196509621,-32.8103623787007,15.348033099755035,11.697810440760367,19.14182304208902,0.1946790372789507,0.1131017846625965,17.137919586395505,-9.907923954119898
CAA01,Caatinga_Bahia,Caatinga,-40.5,-10.5,30,2024-08-14 11:00,2024-08-14 08:00,2024-08-14,2024,8,14,8,157.25930961469078,-30.15217674091799,59.22775009969806,47.316232173037854,20.29048838337517,0.1956582050652733,0.1272300337547116,127.10713287377278,20.56315060103686
CAA01,Caatinga_Bahia,Caatinga,-40.5,-10.5,30,2024-08-14 12:00,2024-08-14 09:00,2024-08-14,2024,8,14,9,257.2919857004502,-27.4277176740918,120.02520665983026,74.02336447710745,21.31741607514761,0.1965463677750064,0.154000689302463,229.8642680263584,35.81569688942068
CAA01,Caatinga_Bahia,Caatinga,-40.5,-10.5,30,2024-08-14 13:00,2024-08-14 10:00,2024-08-14,2024,8,14,10,392.2553717313281,-38.64030075580624,193.20437631743872,99.13252914981295,22.63398223600519,0.1970471643093529,0.1587209701945569,353.6150709755219,61.27816550827025
CAA01,Caatinga_Bahia,Caatinga,-40.5,-10.5,30,2024-08-14 14:00,2024-08-14 11:00,2024-08-14,2024,8,14,11,462.5991668090926,-37.59751775574927,251.499040952164,106.66207960652504,23.56322528041751,0.1973330938312829,0.1448155661726218,425.00164905334333,66.8405284946543
CAA01,Caatinga_Bahia,Caatinga,-40.5,-10.5,30,2024-08-14 15:00,2024-08-14 12:00,2024-08-14,2024,8,14,12,605.7061247839875,-60.890658054653535,339.0988093678194,114.27137459883404,24.66469719260399,0.1981896253920604,0.2239144647086794,544.815466729334,91.4452827626806
CAA01,Caatinga_Bahia,Caatinga,-40.5,-10.5,30,2024-08-14 16:00,2024-08-14 13:00,2024-08-14,2024,8,14,13,595.5357143128431,-77.97539428207905,321.2130151541048,129.74059002259827,25.309780846757,0.1989112271139549,0.1923303851875928,517.560320030764,66.60671485406095
CAA01,Caatinga_Bahia,Caatinga,-40.5,-10.5,30,2024-08-14 17:00,2024-08-14 14:00,2024-08-14,2024,8,14,14,519.8261439639948,-87.55189601967378,291.80897510397097,99.43313175335652,25.454729471971135,0.1995108889180602,0.129445730223857,432.274247944321,41.03214108699353
CAA01,Caatinga_Bahia,Caatinga,-40.5,-10.5,30,2024-08-14 18:00,2024-08-14 15:00,2024-08-14,2024,8,14,15,437.2658472435863,-84.79584021724683,249.93699215708617,75.10383989441502,25.540274056196864,0.1996383419242238,0.0573358888647288,352.47000702633943,27.429174974838247
CAA01,Caatinga_Bahia,Caatinga,-40.5,-10.5,30,2024-08-14 19:00,2024-08-14 16:00,2024-08-14,2024,8,14,16,347.3701403368846,-91.913064575856,184.6296934996867,56.52149765472191,25.781018342321488,0.1993489699819275,0.0063933647304411,255.45707576102862,14.305884606619998
CAA01,Caatinga_Bahia,Caatinga,-40.5,-10.5,30,2024-08-14 20:00,2024-08-14 17:00,2024-08-14,2024,8,14,17,153.64684887673525,-93.7812302740273,76.55975787614655,22.380226077213774,24.653594036033866,0.1991625785664644,2.628268390369302e-05,59.865618602707954,-39.07436535065237
CAA01,Caatinga_Bahia,Caatinga,-40.5,-10.5,30,2024-08-14 21:00,2024-08-14 18:00,2024-08-14,2024,8,14,18,18.96885708046109,-82.67406725346098,-5.218160998119982,7.266806718699559,23.300659228194363,0.1990798222592827,1.0034280482611482e-06,-63.705210172999884,-65.75385589357946
CAA01,Caatinga_Bahia,Caatinga,-40.5,-10.5,30,2024-08-14 22:00,2024-08-14 19:00,2024-08-14,2024,8,14,19,0.0,-71.06469753508424,-19.49492356482273,4.329741829506828,22.374477400426876,0.1990191365608577,3.1987452502944223e-06,-71.06469753508424,-55.89951579976834
CAA01,Caatinga_Bahia,Caatinga,-40.5,-10.5,30,2024-08-14 23:00,2024-08-14 20:00,2024-08-14,2024,8,14,20,0.0,-57.857942327047645,-17.90805351411915,3.8108257847661378,21.78093975082137,0.1989702255048216,0.00039763001168289673,-57.857942327047645,-43.76071459769463
