hora_local,Rn,H,LE,Gres,B
0,-37.33913848351479,-11.646592020610655,5.133904743635351,-30.826451206539485,-1.0521322977296144
1,-35.833465609901886,-10.20817904643326,4.329517573794633,-29.95480413726326,-0.1706300162114324
2,-34.801334053079195,-8.944517025712303,3.8100535017979857,-29.666870529164875,-0.27653040324460304
3,-37.58454659630531,-7.045215434274242,4.2516085733865,-34.79093973541757,-0.2722064398076392
4,-36.39185837311239,-9.37498718383578,4.563916896240776,-31.58078808551739,-0.2765761760516074
5,-34.57556947994915,-9.505303520412104,4.547169334000684,-29.61743529353773,-0.40135379127696696
6,-35.56725484001511,-10.381054282901488,3.927956890394564,-29.114157447508187,-0.184190502631948
7,-0.3937264841655898,-5.073170742468867,12.981451739110055,-8.302007480806777,-0.4301454304080781
8,132.90594384258802,9.549632550437364,48.90407083154087,74.45224046060979,0.1952727531279112
9,289.12558664457794,26.13629078559847,212.09027173163682,50.89902412734263,0.12323191710871764
10,428.78559346286005,75.89515464194713,289.2237740673638,63.66666475354909,0.26240980668577474
11,546.19601449695,115.12309043978955,358.81158044883466,72.26134360832587,0.3208455264899281
12,585.7102856301775,137.14624908997652,381.2956257238824,67.26841081631866,0.35968482153344145
13,582.9187257913069,143.45692318988054,380.64622541557753,58.815577185848774,0.3768773039408411
14,517.2591375665972,124.04648741961459,347.797090827239,45.41555931974364,0.35666338417198584
15,389.4333229094279,99.9598271644771,272.45742517814404,17.01607056680677,0.36688237473843555
16,286.9079040469848,51.90176871339224,234.65727897459655,0.3488563589960429,0.22118115807100533
17,134.83083081008638,-0.04851173930308837,156.5074799588008,-21.628137409411313,-0.000309964350048053
18,1.8366728782664374,-32.8230253593214,70.601970318067,-35.942272080479164,-0.46490239877798434
19,-53.72185782675359,-34.98224537266841,20.8541918164069,-39.59380427049208,-1.632802877473552
20,-48.95180087444986,-26.18763414573613,13.642124146508268,-36.406290875222,-1.7585172277704175
21,-46.30981828183773,-20.99416262843741,9.87329476764067,-35.188950421040985,-1.709914903926074
22,-42.849522621581215,-16.3583138919223,7.7695096791684595,-34.26071840882737,-1.4538971529244882
23,-40.18846241792554,-14.132877968262239,6.620812426060591,-32.67639687572389,-1.2093900893849605
