region_id,region_name,registros,colunas
AGR01,Agricultura_Sorriso_MT,336,22
AGR02,Agricultura_Oeste_Bahia,336,22
AGR03,Agricultura_Norte_Parana,336,22
AGR04,Agricultura_SP,336,22
AMZ01,Amazonia_Central_AM,336,22
AMZ02,Amazonia_Tapajos_PA,336,22
AMZ03,Amazonia_Sul_AM,336,22
AMZ04,Amazonia_Madeira_AM,336,22
CAA01,Caatinga_Bahia,336,22
CAA02,Caatinga_Pernambuco,336,22
CAA03,Caatinga_Paraiba,336,22
CAA04,Caatinga_Rio_Grande_do_Norte,336,22
CER01,Jalapao_TO,336,22
CER02,Chapada_Veadeiros_GO,336,22
CER03,Cerrado_MT,336,22
CER04,Cerrado_Sul_GO,336,22
PAM01,Pampa_Campanha_RS,336,22
PAM02,Pampa_Fronteira_Oeste_RS,336,22
PAN01,Pantanal_Nhecolandia_MS,336,22
PAN02,Pantanal_Norte_MT,336,22
